index,label
0,1
1,8
2,30
3,3
4,22
5,46
6,40
7,23
8,18
9,7
10,31
11,3
12,32
13,17
14,46
15,6
16,7
17,4
18,7
19,17
20,47
21,28
22,43
23,5
24,5
25,15
26,21
27,5
28,19
29,3
30,1
31,2
32,44
33,40
34,32
35,46
36,17
37,8
38,42
39,17
40,46
41,21
42,32
43,8
44,21
45,6
46,31
47,47
48,17
49,24
50,21
51,44
52,24
53,18
54,21
55,13
56,19
57,34
58,40
59,8
60,16
61,31
62,21
63,13
64,8
65,4
66,20
67,20
68,35
69,12
70,6
71,18
72,48
73,9
74,30
75,35
76,29
77,40
78,12
79,43
80,18
81,15
82,21
83,49
84,28
85,38
86,42
87,4
88,37
89,6
90,36
91,34
92,17
93,31
94,16
95,3
96,10
97,21
98,7
99,29
100,43
101,16
102,7
103,15
104,14
105,47
106,47
107,46
108,35
109,43
110,34
111,1
112,17
113,44
114,27
115,16
116,8
117,40
118,26
119,31
120,44
121,47
122,17
123,46
124,7
125,42
126,47
127,31
128,49
129,35
130,9
131,8
132,21
133,2
134,5
135,1
136,31
137,46
138,16
139,37
140,35
141,10
142,13
143,6
144,12
145,8
146,23
147,35
148,8
149,39
150,16
151,18
152,11
153,36
154,18
155,39
156,28
157,18
158,14
159,37
160,21
161,38
162,18
163,21
164,17
165,5
166,16
167,9
168,34
169,1
170,13
171,5
172,17
173,18
174,17
175,43
176,43
177,48
178,19
179,32
180,39
181,20
182,16
183,40
184,2
185,25
186,4
187,40
188,15
189,39
190,19
191,38
192,42
193,30
194,1
195,27
196,46
197,43
198,19
199,26
200,10
201,24
202,24
203,12
204,17
205,48
206,9
207,18
208,4
209,42
210,47
211,46
212,22
213,35
214,8
215,15
216,26
217,39
218,7
219,6
220,29
221,21
222,5
223,5
224,47
225,17
226,29
227,31
228,17
229,1
230,24
231,38
232,2
233,5
234,48
235,34
236,26
237,28
238,14
239,4
240,7
241,14
242,21
243,12
244,32
245,8
246,34
247,17
248,18
249,8
250,40
251,40
252,34
253,38
254,16
255,8
256,6
257,31
258,15
259,38
260,20
261,6
262,37
263,40
264,43
265,18
266,21
267,1
268,16
269,15
270,17
271,6
272,12
273,3
274,40
275,4
276,48
277,24
278,9
279,26
280,17
281,3
282,49
283,40
284,26
285,13
286,11
287,21
288,45
289,24
290,38
291,19
292,26
293,35
294,36
295,4
296,15
297,47
298,17
299,34
300,6
301,33
302,19
303,24
304,46
305,11
306,40
307,42
308,32
309,18
310,47
311,8
312,7
313,43
314,18
315,48
316,33
317,47
318,18
319,1
320,7
321,48
322,45
323,10
324,1
325,41
326,19
327,41
328,40
329,18
330,38
331,43
332,46
333,30
334,32
335,22
336,17
337,30
338,21
339,43
340,11
341,21
342,35
343,18
344,31
345,17
346,43
347,15
348,45
349,5
350,23
351,20
352,17
353,37
354,43
355,36
356,23
357,31
358,48
359,37
360,37
361,39
362,6
363,18
364,48
365,13
366,6
367,22
368,1
369,37
370,6
371,7
372,47
373,45
374,13
375,31
376,33
377,38
378,44
379,22
380,32
381,13
382,25
383,21
384,32
385,16
386,36
387,5
388,34
389,4
390,37
391,5
392,6
393,33
394,24
395,46
396,5
397,24
398,9
399,4
400,14
401,1
402,29
403,32
404,44
405,30
406,2
407,46
408,39
409,42
410,46
411,38
412,6
413,19
414,31
415,26
416,17
417,32
418,31
419,5
420,6
421,35
422,31
423,26
424,27
425,21
426,5
427,45
428,45
429,7
430,26
431,31
432,40
433,9
434,49
435,41
436,43
437,16
438,42
439,27
440,28
441,28
442,28
443,18
444,2
445,39
446,44
447,12
448,35
449,40
450,46
451,43
452,10
453,36
454,21
455,25
456,35
457,34
458,5
459,27
460,44
461,47
462,10
463,18
464,26
465,10
466,26
467,2
468,14
469,43
470,5
471,38
472,37
473,2
474,26
475,6
476,24
477,44
478,27
479,30
480,27
481,44
482,31
483,2
484,40
485,6
486,16
487,10
488,8
489,5
490,16
491,36
492,43
493,43
494,3
495,2
496,27
497,4
498,16
499,10
500,19
501,4
502,18
503,42
504,12
505,48
506,6
507,6
508,8
509,8
510,47
511,28
512,2
513,28
514,4
515,34
516,10
517,49
518,17
519,48
520,22
521,35
522,8
523,37
524,36
525,5
526,31
527,24
528,35
529,4
530,5
531,8
532,24
533,16
534,32
535,29
536,21
537,46
538,7
539,6
540,48
541,46
542,33
543,7
544,18
545,37
546,46
547,32
548,49
549,46
550,6
551,15
552,49
553,10
554,9
555,21
556,12
557,13
558,22
559,8
560,39
561,15
562,27
563,6
564,23
565,2
566,32
567,30
568,32
569,39
570,16
571,42
572,16
573,15
574,40
575,15
576,49
577,26
578,11
579,40
580,14
581,10
582,8
583,16
584,13
585,24
586,37
587,27
588,29
589,31
590,7
591,34
592,49
593,45
594,17
595,32
596,0
597,15
598,13
599,38
600,47
601,16
602,21
603,16
604,12
605,4
606,17
607,43
608,49
609,26
610,38
611,9
612,38
613,19
614,1
615,49
616,14
617,34
618,12
619,5
620,32
621,1
622,9
623,15
624,47
625,27
626,26
627,7
628,17
629,20
630,36
631,40
632,28
633,8
634,31
635,14
636,43
637,11
638,47
639,18
640,3
641,49
642,17
643,5
644,2
645,28
646,44
647,47
648,35
649,8
650,26
651,25
652,35
653,17
654,37
655,21
656,43
657,46
658,46
659,11
660,4
661,6
662,11
663,8
664,22
665,12
666,8
667,17
668,38
669,43
670,27
671,28
672,3
673,28
674,47
675,21
676,17
677,3
678,10
679,10
680,15
681,3
682,13
683,11
684,29
685,7
686,42
687,26
688,31
689,48
690,33
691,8
692,26
693,1
694,30
695,42
696,40
697,46
698,12
699,38
700,7
701,10
702,8
703,24
704,30
705,16
706,6
707,42
708,27
709,47
710,36
711,27
712,7
713,34
714,35
715,5
716,28
717,7
718,36
719,24
720,37
721,18
722,35
723,47
724,28
725,42
726,30
727,15
728,16
729,44
730,42
731,12
732,16
733,22
734,44
735,13
736,14
737,28
738,35
739,29
740,47
741,41
742,17
743,38
744,22
745,39
746,40
747,40
748,26
749,42
750,3
751,27
752,39
753,26
754,1
755,17
756,40
757,18
758,48
759,33
760,46
761,21
762,46
763,7
764,3
765,30
766,20
767,2
768,28
769,6
770,18
771,19
772,20
773,32
774,33
775,10
776,10
777,21
778,35
779,7
780,49
781,6
782,19
783,18
784,19
785,11
786,26
787,35
788,14
789,13
790,37
791,13
792,4
793,39
794,21
795,9
796,35
797,16
798,16
799,5
800,6
801,18
802,30
803,4
804,30
805,46
806,35
807,32
808,42
809,43
810,31
811,38
812,14
813,6
814,33
815,30
816,26
817,5
818,17
819,29
820,27
821,23
822,23
823,8
824,26
825,29
826,10
827,40
828,3
829,35
830,30
831,35
832,10
833,41
834,44
835,28
836,4
837,34
838,5
839,34
840,14
841,3
842,27
843,40
844,5
845,21
846,38
847,40
848,12
849,1
850,1
851,1
852,5
853,17
854,45
855,38
856,23
857,1
858,21
859,15
860,21
861,15
862,35
863,16
864,34
865,35
866,5
867,27
868,21
869,19
870,26
871,43
872,7
873,20
874,16
875,1
876,23
877,5
878,16
879,16
880,47
881,8
882,40
883,29
884,24
885,6
886,19
887,4
888,20
889,42
890,47
891,7
892,9
893,5
894,39
895,19
896,27
897,42
898,47
899,40
900,11
901,16
902,36
903,26
904,40
905,4
906,13
907,9
908,21
909,18
910,40
911,17
912,15
913,1
914,44
915,43
916,48
917,46
918,22
919,40
920,25
921,15
922,12
923,8
924,27
925,22
926,29
927,22
928,21
929,43
930,27
931,49
932,7
933,6
934,1
935,3
936,34
937,31
938,12
939,6
940,1
941,7
942,46
943,46
944,42
945,32
946,8
947,5
948,31
949,10
950,14
951,43
952,31
953,23
954,38
955,5
956,9
957,14
958,12
959,24
960,9
961,27
962,33
963,6
964,4
965,9
966,36
967,38
968,25
969,36
970,4
971,40
972,19
973,7
974,40
975,31
976,44
977,30
978,48
979,15
980,7
981,2
982,5
983,0
984,1
985,40
986,43
987,4
988,38
989,7
990,31
991,31
992,31
993,24
994,40
995,40
996,6
997,4
998,7
999,26
1000,1
1001,41
1002,33
1003,7
1004,5
1005,25
1006,1
1007,7
1008,16
1009,46
1010,10
1011,7
1012,35
1013,49
1014,23
1015,38
1016,20
1017,1
1018,25
1019,2
1020,34
1021,21
1022,14
1023,40
1024,4
1025,26
1026,46
1027,27
1028,25
1029,3
1030,16
1031,47
1032,8
1033,46
1034,8
1035,34
1036,5
1037,30
1038,30
1039,16
1040,34
1041,3
1042,26
1043,0
1044,36
1045,1
1046,22
1047,14
1048,20
1049,8
1050,7
1051,35
1052,15
1053,38
1054,1
1055,27
1056,18
1057,35
1058,21
1059,24
1060,30
1061,30
1062,5
1063,15
1064,9
1065,29
1066,49
1067,4
1068,27
1069,39
1070,11
1071,20
1072,3
1073,21
1074,25
1075,40
1076,43
1077,27
1078,5
1079,35
1080,45
1081,4
1082,2
1083,48
1084,21
1085,19
1086,10
1087,10
1088,33
1089,15
1090,8
1091,31
1092,33
1093,10
1094,17
1095,29
1096,40
1097,46
1098,15
1099,41
1100,47
1101,21
1102,49
1103,38
1104,19
1105,49
1106,2
1107,2
1108,18
1109,37
1110,4
1111,17
1112,49
1113,16
1114,49
1115,37
1116,16
1117,17
1118,25
1119,8
1120,36
1121,45
1122,5
1123,15
1124,41
1125,45
1126,46
1127,6
1128,21
1129,43
1130,26
1131,27
1132,33
1133,6
1134,24
1135,23
1136,18
1137,26
1138,33
1139,12
1140,23
1141,41
1142,26
1143,15
1144,3
1145,24
1146,25
1147,18
1148,37
1149,36
1150,25
1151,29
1152,26
1153,12
1154,5
1155,17
1156,16
1157,43
1158,7
1159,37
1160,18
1161,12
1162,15
1163,6
1164,7
1165,16
1166,33
1167,5
1168,26
1169,38
1170,41
1171,26
1172,40
1173,31
1174,34
1175,26
1176,2
1177,18
1178,25
1179,16
1180,47
1181,7
1182,36
1183,37
1184,42
1185,1
1186,18
1187,1
1188,22
1189,1
1190,18
1191,40
1192,42
1193,43
1194,15
1195,31
1196,2
1197,16
1198,21
1199,47
1200,28
1201,18
1202,5
1203,8
1204,21
1205,22
1206,23
1207,17
1208,31
1209,27
1210,34
1211,40
1212,24
1213,32
1214,21
1215,45
1216,23
1217,2
1218,26
1219,2
1220,48
1221,49
1222,48
1223,49
1224,40
1225,26
1226,31
1227,2
1228,13
1229,32
1230,4
1231,6
1232,40
1233,8
1234,41
1235,26
1236,15
1237,46
1238,17
1239,21
1240,31
1241,19
1242,1
1243,12
1244,29
1245,10
1246,7
1247,19
1248,26
1249,21
1250,4
1251,29
1252,7
1253,37
1254,6
1255,16
1256,8
1257,34
1258,9
1259,35
1260,21
1261,43
1262,38
1263,9
1264,46
1265,48
1266,5
1267,27
1268,40
1269,38
1270,47
1271,35
1272,49
1273,12
1274,12
1275,18
1276,36
1277,36
1278,6
1279,46
1280,30
1281,21
1282,5
1283,13
1284,5
1285,32
1286,7
1287,12
1288,40
1289,28
1290,7
1291,43
1292,20
1293,23
1294,44
1295,40
1296,47
1297,39
1298,43
1299,29
1300,24
1301,4
1302,9
1303,38
1304,31
1305,28
1306,28
1307,40
1308,7
1309,23
1310,12
1311,41
1312,27
1313,30
1314,31
1315,12
1316,26
1317,10
1318,21
1319,35
1320,25
1321,46
1322,14
1323,12
1324,35
1325,4
1326,48
1327,27
1328,21
1329,6
1330,8
1331,42
1332,16
1333,20
1334,14
1335,21
1336,7
1337,9
1338,29
1339,5
1340,4
1341,5
1342,10
1343,42
1344,47
1345,21
1346,6
1347,11
1348,1
1349,16
1350,20
1351,29
1352,28
1353,30
1354,24
1355,40
1356,34
1357,4
1358,23
1359,30
1360,31
1361,21
1362,8
1363,9
1364,15
1365,14
1366,22
1367,41
1368,23
1369,35
1370,41
1371,47
1372,37
1373,13
1374,27
1375,8
1376,24
1377,10
1378,49
1379,16
1380,34
1381,18
1382,5
1383,31
1384,31
1385,7
1386,15
1387,46
1388,26
1389,38
1390,35
1391,23
1392,1
1393,16
1394,5
1395,29
1396,10
1397,21
1398,21
1399,37
1400,17
1401,48
1402,26
1403,36
1404,26
1405,26
1406,3
1407,32
1408,16
1409,27
1410,25
1411,8
1412,14
1413,23
1414,39
1415,23
1416,19
1417,33
1418,6
1419,32
1420,17
1421,25
1422,23
1423,15
1424,4
1425,12
1426,47
1427,12
1428,5
1429,6
1430,40
1431,2
1432,27
1433,9
1434,9
1435,35
1436,6
1437,38
1438,26
1439,32
1440,28
1441,2
1442,3
1443,6
1444,49
1445,9
1446,32
1447,0
1448,31
1449,35
1450,13
1451,27
1452,29
1453,15
1454,17
1455,47
1456,2
1457,7
1458,21
1459,6
1460,10
1461,37
1462,4
1463,15
1464,21
1465,7
1466,10
1467,4
1468,12
1469,36
1470,36
1471,3
1472,17
1473,40
1474,3
1475,42
1476,8
1477,7
1478,34
1479,40
1480,36
1481,34
1482,48
1483,42
1484,46
1485,21
1486,14
1487,42
1488,32
1489,38
1490,18
1491,22
1492,21
1493,22
1494,26
1495,14
1496,36
1497,40
1498,16
1499,3
1500,47
1501,24
1502,13
1503,2
1504,13
1505,25
1506,28
1507,26
1508,26
1509,8
1510,24
1511,17
1512,3
1513,36
1514,48
1515,21
1516,35
1517,18
1518,6
1519,23
1520,7
1521,32
1522,15
1523,11
1524,35
1525,12
1526,40
1527,18
1528,30
1529,5
1530,31
1531,24
1532,21
1533,21
1534,31
1535,42
1536,2
1537,19
1538,17
1539,0
1540,37
1541,16
1542,31
1543,34
1544,7
1545,4
1546,16
1547,39
1548,32
1549,25
1550,12
1551,49
1552,34
1553,22
1554,39
1555,43
1556,8
1557,20
1558,40
1559,46
1560,35
1561,40
1562,33
1563,7
1564,22
1565,33
1566,13
1567,11
1568,18
1569,46
1570,36
1571,38
1572,35
1573,47
1574,40
1575,28
1576,20
1577,8
1578,17
1579,7
1580,6
1581,49
1582,34
1583,35
1584,40
1585,6
1586,32
1587,44
1588,33
1589,29
1590,44
1591,28
1592,34
1593,17
1594,10
1595,11
1596,47
1597,15
1598,37
1599,36
1600,23
1601,29
1602,6
1603,22
1604,41
1605,27
1606,7
1607,37
1608,32
1609,5
1610,46
1611,47
1612,1
1613,1
1614,7
1615,49
1616,19
1617,21
1618,44
1619,32
1620,13
1621,24
1622,32
1623,7
1624,6
1625,6
1626,34
1627,34
1628,41
1629,9
1630,17
1631,10
1632,30
1633,6
1634,32
1635,44
1636,31
1637,30
1638,47
1639,26
1640,46
1641,32
1642,18
1643,15
1644,7
1645,36
1646,38
1647,8
1648,33
1649,38
1650,40
1651,6
1652,24
1653,37
1654,40
1655,35
1656,17
1657,42
1658,24
1659,21
1660,49
1661,26
1662,4
1663,2
1664,22
1665,6
1666,24
1667,17
1668,41
1669,41
1670,47
1671,32
1672,37
1673,10
1674,22
1675,10
1676,17
1677,23
1678,2
1679,3
1680,18
1681,16
1682,17
1683,40
1684,27
1685,18
1686,15
1687,41
1688,49
1689,17
1690,10
1691,32
1692,6
1693,37
1694,46
1695,40
1696,38
1697,40
1698,5
1699,38
1700,5
1701,29
1702,2
1703,15
1704,15
1705,4
1706,18
1707,7
1708,17
1709,8
1710,26
1711,45
1712,47
1713,5
1714,24
1715,12
1716,49
1717,8
1718,39
1719,1
1720,22
1721,17
1722,40
1723,34
1724,41
1725,42
1726,47
1727,15
1728,40
1729,1
1730,33
1731,30
1732,22
1733,14
1734,15
1735,23
1736,22
1737,24
1738,46
1739,43
1740,8
1741,4
1742,44
1743,46
1744,16
1745,4
1746,11
1747,15
1748,4
1749,8
1750,13
1751,38
1752,25
1753,16
1754,36
1755,35
1756,7
1757,23
1758,26
1759,10
1760,29
1761,12
1762,4
1763,6
1764,12
1765,18
1766,27
1767,47
1768,16
1769,30
1770,33
1771,46
1772,12
1773,4
1774,24
1775,9
1776,39
1777,32
1778,26
1779,17
1780,49
1781,4
1782,44
1783,11
1784,30
1785,31
1786,22
1787,43
1788,23
1789,17
1790,33
1791,21
1792,11
1793,35
1794,6
1795,6
1796,4
1797,39
1798,31
1799,14
1800,29
1801,15
1802,32
1803,6
1804,27
1805,47
1806,2
1807,11
1808,32
1809,17
1810,49
1811,47
1812,47
1813,42
1814,43
1815,46
1816,25
1817,40
1818,20
1819,32
1820,31
1821,7
1822,26
1823,19
1824,12
1825,18
1826,4
1827,21
1828,16
1829,5
1830,11
1831,9
1832,34
1833,36
1834,42
1835,7
1836,6
1837,34
1838,49
1839,40
1840,19
1841,25
1842,15
1843,46
1844,27
1845,21
1846,15
1847,28
1848,42
1849,39
1850,17
1851,17
1852,32
1853,19
1854,5
1855,12
1856,4
1857,26
1858,25
1859,2
1860,9
1861,25
1862,4
1863,26
1864,26
1865,42
1866,14
1867,48
1868,4
1869,26
1870,40
1871,17
1872,16
1873,43
1874,33
1875,21
1876,30
1877,16
1878,47
1879,5
1880,46
1881,36
1882,46
1883,11
1884,32
1885,5
1886,25
1887,48
1888,10
1889,43
1890,26
1891,1
1892,11
1893,9
1894,7
1895,37
1896,39
1897,13
1898,3
1899,37
1900,20
1901,31
1902,48
1903,10
1904,39
1905,11
1906,11
1907,18
1908,31
1909,31
1910,5
1911,33
1912,8
1913,10
1914,18
1915,8
1916,40
1917,2
1918,49
1919,3
1920,20
1921,27
1922,42
1923,3
1924,4
1925,12
1926,26
1927,16
1928,7
1929,25
1930,23
1931,33
1932,38
1933,45
1934,17
1935,9
1936,26
1937,4
1938,26
1939,31
1940,18
1941,3
1942,15
1943,12
1944,12
1945,28
1946,35
1947,31
1948,13
1949,30
1950,28
1951,21
1952,26
1953,46
1954,35
1955,12
1956,42
1957,2
1958,47
1959,27
1960,48
1961,12
1962,2
1963,6
1964,1
1965,25
1966,47
1967,46
1968,41
1969,38
1970,37
1971,12
1972,19
1973,30
1974,47
1975,44
1976,18
1977,44
1978,41
1979,17
1980,10
1981,23
1982,5
1983,21
1984,33
1985,17
1986,44
1987,5
1988,47
1989,40
1990,38
1991,23
1992,28
1993,49
1994,18
1995,19
1996,32
1997,18
1998,39
1999,25
2000,38
2001,39
2002,42
2003,37
2004,23
2005,6
2006,4
2007,26
2008,36
2009,20
2010,33
2011,16
2012,46
2013,7
2014,41
2015,16
2016,22
2017,33
2018,41
2019,26
2020,18
2021,26
2022,20
2023,13
2024,48
2025,18
2026,46
2027,8
2028,10
2029,4
2030,26
2031,4
2032,46
2033,17
2034,12
2035,38
2036,17
2037,20
2038,31
2039,30
2040,10
2041,6
2042,21
2043,34
2044,32
2045,32
2046,46
2047,26
2048,45
2049,32
2050,25
2051,47
2052,40
2053,49
2054,23
2055,12
2056,9
2057,30
2058,25
2059,5
2060,45
2061,22
2062,36
2063,42
2064,31
2065,6
2066,17
2067,27
2068,16
2069,24
2070,42
2071,2
2072,31
2073,1
2074,8
2075,15
2076,21
2077,20
2078,31
2079,19
2080,32
2081,7
2082,37
2083,15
2084,42
2085,41
2086,17
2087,39
2088,9
2089,37
2090,48
2091,21
2092,4
2093,20
2094,8
2095,26
2096,6
2097,18
2098,6
2099,32
2100,33
2101,1
2102,35
2103,23
2104,5
2105,21
2106,13
2107,25
2108,1
2109,34
2110,5
2111,43
2112,24
2113,14
2114,26
2115,40
2116,5
2117,47
2118,29
2119,27
2120,3
2121,14
2122,12
2123,42
2124,4
2125,44
2126,24
2127,3
2128,34
2129,38
2130,47
2131,29
2132,5
2133,36
2134,49
2135,17
2136,7
2137,6
2138,22
2139,21
2140,5
2141,26
2142,24
2143,33
2144,37
2145,40
2146,21
2147,10
2148,42
2149,13
2150,32
2151,47
2152,26
2153,5
2154,33
2155,40
2156,11
2157,5
2158,30
2159,3
2160,46
2161,24
2162,4
2163,34
2164,33
2165,24
2166,41
2167,13
2168,24
2169,25
2170,38
2171,15
2172,34
2173,39
2174,16
2175,35
2176,1
2177,1
2178,42
2179,9
2180,17
2181,39
2182,29
2183,27
2184,19
2185,44
2186,49
2187,31
2188,49
2189,15
2190,9
2191,33
2192,49
2193,40
2194,10
2195,25
2196,9
2197,19
2198,19
2199,35
2200,18
2201,46
2202,22
2203,4
2204,9
2205,28
2206,17
2207,43
2208,49
2209,21
2210,48
2211,5
2212,2
2213,16
2214,3
2215,46
2216,42
2217,31
2218,31
2219,46
2220,4
2221,34
2222,24
2223,32
2224,5
2225,21
2226,8
2227,6
2228,27
2229,39
2230,6
2231,38
2232,10
2233,48
2234,4
2235,5
2236,21
2237,17
2238,41
2239,30
2240,24
2241,10
2242,30
2243,8
2244,33
2245,37
2246,21
2247,31
2248,6
2249,43
2250,3
2251,27
2252,15
2253,24
2254,21
2255,31
2256,40
2257,10
2258,41
2259,39
2260,9
2261,7
2262,5
2263,27
2264,2
2265,27
2266,17
2267,45
2268,1
2269,43
2270,32
2271,43
2272,14
2273,3
2274,3
2275,43
2276,26
2277,49
2278,36
2279,28
2280,13
2281,15
2282,33
2283,20
2284,4
2285,12
2286,17
2287,23
2288,16
2289,22
2290,18
2291,21
2292,27
2293,1
2294,37
2295,13
2296,24
2297,4
2298,40
2299,18
2300,46
2301,8
2302,21
2303,21
2304,29
2305,6
2306,40
2307,18
2308,34
2309,24
2310,9
2311,26
2312,2
2313,1
2314,21
2315,5
2316,38
2317,30
2318,47
2319,22
2320,35
2321,23
2322,11
2323,38
2324,12
2325,3
2326,6
2327,38
2328,12
2329,33
2330,6
2331,37
2332,13
2333,40
2334,32
2335,24
2336,29
2337,1
2338,40
2339,2
2340,35
2341,39
2342,19
2343,46
2344,6
2345,3
2346,36
2347,9
2348,8
2349,44
2350,16
2351,24
2352,46
2353,46
2354,15
2355,14
2356,6
2357,42
2358,17
2359,4
2360,5
2361,24
2362,11
2363,13
2364,2
2365,21
2366,5
2367,15
2368,47
2369,46
2370,6
2371,5
2372,6
2373,37
2374,23
2375,7
2376,31
2377,46
2378,1
2379,12
2380,7
2381,46
2382,46
2383,18
2384,25
2385,17
2386,39
2387,49
2388,43
2389,41
2390,10
2391,1
2392,7
2393,27
2394,4
2395,5
2396,46
2397,47
2398,18
2399,20
2400,16
2401,48
2402,19
2403,46
2404,32
2405,18
2406,17
2407,5
2408,21
2409,17
2410,41
2411,35
2412,38
2413,5
2414,5
2415,12
2416,11
2417,46
2418,12
2419,22
2420,29
2421,27
2422,49
2423,31
2424,26
2425,41
2426,42
2427,32
2428,15
2429,2
2430,11
2431,18
2432,16
2433,1
2434,19
2435,29
2436,1
2437,1
2438,33
2439,16
2440,42
2441,3
2442,9
2443,46
2444,47
2445,46
2446,32
2447,49
2448,5
2449,29
2450,15
2451,47
2452,2
2453,26
2454,33
2455,30
2456,18
2457,37
2458,20
2459,44
2460,1
2461,13
2462,17
2463,27
2464,17
2465,24
2466,19
2467,43
2468,40
2469,4
2470,35
2471,6
2472,25
2473,6
2474,19
2475,6
2476,47
2477,1
2478,13
2479,7
2480,29
2481,23
2482,43
2483,17
2484,18
2485,4
2486,36
2487,36
2488,17
2489,35
2490,17
2491,37
2492,6
2493,1
2494,43
2495,21
2496,36
2497,24
2498,6
2499,35
2500,2
2501,3
2502,22
2503,29
2504,39
2505,35
2506,6
2507,17
2508,14
2509,6
2510,40
2511,13
2512,23
2513,35
2514,13
2515,42
2516,26
2517,38
2518,34
2519,5
2520,4
2521,49
2522,17
2523,2
2524,48
2525,17
2526,15
2527,28
2528,1
2529,46
2530,18
2531,17
2532,36
2533,46
2534,40
2535,23
2536,1
2537,46
2538,12
2539,25
2540,1
2541,19
2542,24
2543,13
2544,9
2545,10
2546,19
2547,1
2548,13
2549,46
2550,19
2551,24
2552,24
2553,22
2554,6
2555,49
2556,1
2557,31
2558,17
2559,21
2560,7
2561,31
2562,18
2563,4
2564,16
2565,10
2566,32
2567,48
2568,13
2569,6
2570,17
2571,9
2572,47
2573,18
2574,47
2575,19
2576,6
2577,11
2578,3
2579,15
2580,15
2581,4
2582,17
2583,30
2584,10
2585,22
2586,16
2587,35
2588,1
2589,47
2590,6
2591,24
2592,24
2593,1
2594,8
2595,42
2596,32
2597,9
2598,37
2599,26
2600,41
2601,25
2602,15
2603,43
2604,16
2605,27
2606,1
2607,42
2608,22
2609,49
2610,16
2611,25
2612,7
2613,34
2614,33
2615,21
2616,33
2617,6
2618,9
2619,27
2620,4
2621,29
2622,5
2623,21
2624,7
2625,21
2626,12
2627,12
2628,27
2629,9
2630,39
2631,21
2632,41
2633,46
2634,29
2635,26
2636,27
2637,43
2638,35
2639,22
2640,10
2641,37
2642,1
2643,43
2644,28
2645,24
2646,8
2647,8
2648,40
2649,22
2650,45
2651,42
2652,40
2653,36
2654,40
2655,23
2656,37
2657,35
2658,2
2659,17
2660,49
2661,45
2662,31
2663,28
2664,1
2665,30
2666,24
2667,3
2668,6
2669,18
2670,25
2671,26
2672,7
2673,6
2674,49
2675,22
2676,4
2677,45
2678,47
2679,17
2680,46
2681,47
2682,30
2683,26
2684,38
2685,24
2686,42
2687,13
2688,48
2689,31
2690,48
2691,49
2692,7
2693,24
2694,6
2695,39
2696,16
2697,14
2698,25
2699,32
2700,44
2701,26
2702,26
2703,21
2704,40
2705,32
2706,24
2707,7
2708,15
2709,6
2710,6
2711,14
2712,44
2713,26
2714,7
2715,32
2716,1
2717,0
2718,22
2719,34
2720,11
2721,43
2722,43
2723,7
2724,35
2725,38
2726,4
2727,5
2728,43
2729,19
2730,32
2731,28
2732,12
2733,27
2734,49
2735,13
2736,27
2737,17
2738,11
2739,39
2740,43
2741,7
2742,46
2743,35
2744,17
2745,49
2746,19
2747,40
2748,33
2749,18
2750,40
2751,16
2752,38
2753,21
2754,26
2755,5
2756,43
2757,8
2758,1
2759,46
2760,23
2761,19
2762,3
2763,29
2764,9
2765,45
2766,16
2767,48
2768,6
2769,31
2770,17
2771,1
2772,11
2773,7
2774,18
2775,29
2776,48
2777,11
2778,7
2779,4
2780,10
2781,27
2782,42
2783,26
2784,17
2785,15
2786,38
2787,40
2788,39
2789,1
2790,35
2791,16
2792,12
2793,40
2794,27
2795,17
2796,7
2797,9
2798,25
2799,28
2800,25
2801,17
2802,24
2803,6
2804,43
2805,21
2806,26
2807,14
2808,10
2809,7
2810,35
2811,31
2812,11
2813,4
2814,8
2815,49
2816,4
2817,2
2818,42
2819,16
2820,18
2821,26
2822,24
2823,46
2824,5
2825,7
2826,40
2827,45
2828,37
2829,1
2830,24
2831,5
2832,40
2833,11
2834,8
2835,5
2836,27
2837,41
2838,16
2839,36
2840,17
2841,31
2842,6
2843,33
2844,13
2845,24
2846,22
2847,40
2848,17
2849,48
2850,3
2851,20
2852,23
2853,33
2854,25
2855,17
2856,28
2857,16
2858,24
2859,21
2860,7
2861,26
2862,23
2863,26
2864,33
2865,42
2866,31
2867,37
2868,13
2869,43
2870,35
2871,13
2872,45
2873,37
2874,2
2875,3
2876,42
2877,47
2878,6
2879,23
2880,30
2881,19
2882,15
2883,47
2884,14
2885,9
2886,46
2887,16
2888,37
2889,21
2890,25
2891,42
2892,38
2893,20
2894,34
2895,1
2896,4
2897,7
2898,5
2899,21
2900,29
2901,16
2902,19
2903,15
2904,35
2905,11
2906,16
2907,17
2908,22
2909,26
2910,9
2911,1
2912,38
2913,23
2914,47
2915,33
2916,47
2917,21
2918,32
2919,9
2920,48
2921,47
2922,9
2923,1
2924,1
2925,32
2926,47
2927,28
2928,13
2929,20
2930,40
2931,23
2932,46
2933,17
2934,29
2935,5
2936,5
2937,12
2938,22
2939,37
2940,9
2941,10
2942,4
2943,8
2944,23
2945,36
2946,13
2947,15
2948,30
2949,47
2950,45
2951,25
2952,31
2953,24
2954,21
2955,30
2956,39
2957,29
2958,49
2959,44
2960,44
2961,30
2962,23
2963,29
2964,37
2965,43
2966,18
2967,48
2968,14
2969,22
2970,5
2971,46
2972,27
2973,12
2974,40
2975,7
2976,15
2977,26
2978,16
2979,42
2980,3
2981,48
2982,2
2983,6
2984,13
2985,24
2986,15
2987,33
2988,16
2989,21
2990,1
2991,33
2992,20
2993,35
2994,46
2995,2
2996,6
2997,24
2998,7
2999,24
3000,3
3001,18
3002,37
3003,16
3004,9
3005,15
3006,8
3007,8
3008,21
3009,24
3010,32
3011,12
3012,48
3013,12
3014,47
3015,22
3016,12
3017,47
3018,11
3019,12
3020,9
3021,14
3022,3
3023,28
3024,26
3025,6
3026,16
3027,5
3028,5
3029,3
3030,38
3031,4
3032,49
3033,6
3034,42
3035,28
3036,46
3037,18
3038,8
3039,44
3040,17
3041,46
3042,30
3043,7
3044,42
3045,18
3046,41
3047,11
3048,11
3049,47
3050,7
3051,7
3052,47
3053,32
3054,5
3055,16
3056,17
3057,6
3058,40
3059,1
3060,23
3061,19
3062,12
3063,42
3064,40
3065,5
3066,31
3067,18
3068,12
3069,23
3070,22
3071,22
3072,1
3073,10
3074,34
3075,18
3076,13
3077,31
3078,16
3079,12
3080,21
3081,8
3082,17
3083,46
3084,28
3085,22
3086,2
3087,7
3088,8
3089,18
3090,29
3091,38
3092,26
3093,10
3094,14
3095,31
3096,21
3097,5
3098,8
3099,16
3100,17
3101,18
3102,18
3103,13
3104,11
3105,25
3106,15
3107,35
3108,47
3109,11
3110,5
3111,43
3112,19
3113,13
3114,1
3115,18
3116,10
3117,6
3118,48
3119,47
3120,7
3121,26
3122,29
3123,5
3124,7
3125,17
3126,38
3127,31
3128,11
3129,37
3130,5
3131,1
3132,9
3133,9
3134,38
3135,4
3136,21
3137,3
3138,17
3139,42
3140,34
3141,24
3142,24
3143,27
3144,10
3145,1
3146,38
3147,5
3148,10
3149,31
3150,32
3151,23
3152,49
3153,25
3154,20
3155,12
3156,43
3157,1
3158,13
3159,9
3160,24
3161,10
3162,28
3163,29
3164,31
3165,32
3166,10
3167,18
3168,39
3169,34
3170,20
3171,26
3172,16
3173,5
3174,15
3175,23
3176,18
3177,25
3178,21
3179,24
3180,15
3181,12
3182,26
3183,40
3184,9
3185,5
3186,37
3187,28
3188,42
3189,42
3190,29
3191,36
3192,48
3193,12
3194,42
3195,46
3196,39
3197,35
3198,38
3199,16
3200,30
3201,37
3202,27
3203,12
3204,26
3205,40
3206,27
3207,17
3208,14
3209,31
3210,38
3211,16
3212,46
3213,25
3214,3
3215,6
3216,43
3217,18
3218,39
3219,30
3220,39
3221,14
3222,17
3223,34
3224,26
3225,3
3226,39
3227,47
3228,44
3229,7
3230,15
3231,7
3232,40
3233,5
3234,6
3235,41
3236,10
3237,10
3238,21
3239,8
3240,42
3241,35
3242,40
3243,16
3244,23
3245,42
3246,17
3247,3
3248,31
3249,17
3250,38
3251,40
3252,41
3253,44
3254,27
3255,10
3256,16
3257,31
3258,25
3259,48
3260,21
3261,1
3262,3
3263,30
3264,35
3265,3
3266,35
3267,46
3268,39
3269,32
3270,17
3271,11
3272,32
3273,8
3274,15
3275,6
3276,40
3277,43
3278,15
3279,38
3280,33
3281,46
3282,9
3283,24
3284,20
3285,40
3286,30
3287,49
3288,5
3289,43
3290,26
3291,42
3292,27
3293,41
3294,1
3295,16
3296,14
3297,21
3298,26
3299,17
3300,16
3301,23
3302,48
3303,21
3304,30
3305,45
3306,30
3307,46
3308,2
3309,43
3310,28
3311,43
3312,47
3313,6
3314,39
3315,40
3316,25
3317,31
3318,4
3319,25
3320,1
3321,4
3322,40
3323,2
3324,5
3325,31
3326,29
3327,4
3328,16
3329,27
3330,43
3331,14
3332,7
3333,7
3334,33
3335,12
3336,44
3337,3
3338,4
3339,25
3340,42
3341,6
3342,22
3343,44
3344,16
3345,18
3346,29
3347,31
3348,46
3349,7
3350,35
3351,29
3352,44
3353,36
3354,13
3355,47
3356,29
3357,34
3358,3
3359,32
3360,39
3361,43
3362,23
3363,38
3364,8
3365,17
3366,2
3367,2
3368,5
3369,45
3370,1
3371,16
3372,36
3373,31
3374,4
3375,4
3376,15
3377,28
3378,6
3379,24
3380,16
3381,16
3382,1
3383,48
3384,15
3385,30
3386,18
3387,48
3388,26
3389,47
3390,37
3391,32
3392,36
3393,7
3394,48
3395,3
3396,8
3397,31
3398,6
3399,3
3400,37
3401,21
3402,37
3403,3
3404,34
3405,18
3406,28
3407,43
3408,6
3409,29
3410,5
3411,1
3412,10
3413,10
3414,8
3415,12
3416,3
3417,47
3418,5
3419,3
3420,44
3421,32
3422,41
3423,13
3424,42
3425,14
3426,21
3427,48
3428,36
3429,7
3430,12
3431,3
3432,40
3433,29
3434,2
3435,23
3436,43
3437,15
3438,34
3439,15
3440,47
3441,4
3442,17
3443,24
3444,36
3445,5
3446,29
3447,15
3448,29
3449,47
3450,41
3451,38
3452,38
3453,2
3454,2
3455,19
3456,39
3457,16
3458,8
3459,43
3460,40
3461,24
3462,31
3463,35
3464,12
3465,15
3466,2
3467,8
3468,24
3469,3
3470,17
3471,4
3472,5
3473,47
3474,3
3475,33
3476,14
3477,4
3478,43
3479,30
3480,30
3481,3
3482,36
3483,18
3484,47
3485,7
3486,39
3487,16
3488,7
3489,37
3490,1
3491,42
3492,12
3493,27
3494,37
3495,22
3496,11
3497,21
3498,4
3499,11
3500,6
3501,47
3502,49
3503,29
3504,15
3505,17
3506,47
3507,7
3508,33
3509,9
3510,5
3511,46
3512,34
3513,28
3514,3
3515,30
3516,36
3517,27
3518,21
3519,42
3520,18
3521,15
3522,21
3523,26
3524,26
3525,40
3526,9
3527,9
3528,46
3529,37
3530,26
3531,22
3532,13
3533,40
3534,43
3535,28
3536,47
3537,19
3538,35
3539,32
3540,32
3541,47
3542,2
3543,13
3544,33
3545,30
3546,31
3547,33
3548,35
3549,45
3550,49
3551,8
3552,5
3553,21
3554,40
3555,11
3556,8
3557,7
3558,46
3559,35
3560,5
3561,2
3562,4
3563,11
3564,43
3565,10
3566,1
3567,4
3568,32
3569,16
3570,21
3571,12
3572,39
3573,7
3574,7
3575,2
3576,7
3577,14
3578,40
3579,12
3580,48
3581,17
3582,9
3583,27
3584,2
3585,40
3586,14
3587,20
3588,17
3589,43
3590,39
3591,33
3592,9
3593,46
3594,32
3595,47
3596,37
3597,46
3598,32
3599,40
3600,16
3601,48
3602,49
3603,47
3604,16
3605,39
3606,30
3607,38
3608,27
3609,27
3610,42
3611,33
3612,31
3613,31
3614,5
3615,17
3616,2
3617,18
3618,30
3619,6
3620,2
3621,25
3622,31
3623,42
3624,49
3625,48
3626,9
3627,35
3628,2
3629,29
3630,21
3631,23
3632,39
3633,41
3634,22
3635,36
3636,40
3637,16
3638,22
3639,4
3640,4
3641,17
3642,1
3643,14
3644,12
3645,33
3646,29
3647,39
3648,13
3649,16
3650,47
3651,21
3652,43
3653,31
3654,48
3655,38
3656,16
3657,8
3658,6
3659,35
3660,5
3661,15
3662,8
3663,35
3664,10
3665,35
3666,49
3667,40
3668,22
3669,10
3670,28
3671,47
3672,34
3673,12
3674,46
3675,27
3676,38
3677,39
3678,43
3679,43
3680,1
3681,9
3682,41
3683,1
3684,21
3685,49
3686,22
3687,30
3688,37
3689,24
3690,17
3691,4
3692,36
3693,3
3694,25
3695,16
3696,17
3697,29
3698,14
3699,2
3700,8
3701,10
3702,48
3703,22
3704,19
3705,35
3706,9
3707,20
3708,7
3709,15
3710,25
3711,27
3712,12
3713,33
3714,17
3715,36
3716,21
3717,40
3718,32
3719,46
3720,11
3721,42
3722,27
3723,38
3724,32
3725,25
3726,18
3727,46
3728,47
3729,40
3730,32
3731,31
3732,30
3733,4
3734,15
3735,16
3736,17
3737,34
3738,49
3739,28
3740,34
3741,5
3742,2
3743,46
3744,47
3745,39
3746,10
3747,19
3748,47
3749,2
3750,24
3751,14
3752,9
3753,40
3754,10
3755,25
3756,12
3757,24
3758,23
3759,44
3760,40
3761,13
3762,18
3763,8
3764,22
3765,16
3766,12
3767,49
3768,10
3769,35
3770,6
3771,17
3772,4
3773,4
3774,4
3775,43
3776,3
3777,29
3778,17
3779,30
3780,4
3781,2
3782,18
3783,38
3784,7
3785,23
3786,45
3787,16
3788,45
3789,5
3790,42
3791,49
3792,25
3793,48
3794,42
3795,27
3796,10
3797,8
3798,25
3799,29
3800,18
3801,28
3802,2
3803,49
3804,30
3805,32
3806,38
3807,42
3808,13
3809,15
3810,31
3811,45
3812,7
3813,2
3814,6
3815,16
3816,23
3817,39
3818,34
3819,33
3820,37
3821,38
3822,5
3823,49
3824,47
3825,6
3826,36
3827,5
3828,26
3829,28
3830,5
3831,16
3832,18
3833,33
3834,39
3835,3
3836,1
3837,46
3838,31
3839,31
3840,18
3841,29
3842,17
3843,12
3844,21
3845,8
3846,17
3847,17
3848,27
3849,6
3850,34
3851,1
3852,5
3853,40
3854,8
3855,31
3856,5
3857,46
3858,16
3859,40
3860,18
3861,29
3862,40
3863,31
3864,43
3865,35
3866,34
3867,32
3868,5
3869,4
3870,13
3871,15
3872,3
3873,16
3874,17
3875,38
3876,22
3877,12
3878,10
3879,15
3880,4
3881,16
3882,21
3883,25
3884,1
3885,22
3886,24
3887,43
3888,14
3889,36
3890,18
3891,11
3892,24
3893,9
3894,45
3895,15
3896,22
3897,19
3898,27
3899,6
3900,33
3901,27
3902,3
3903,20
3904,1
3905,8
3906,12
3907,36
3908,1
3909,46
3910,33
3911,5
3912,14
3913,6
3914,21
3915,5
3916,31
3917,21
3918,33
3919,19
3920,36
3921,31
3922,26
3923,24
3924,12
3925,33
3926,21
3927,34
3928,46
3929,24
3930,6
3931,43
3932,5
3933,3
3934,11
3935,24
3936,42
3937,37
3938,7
3939,8
3940,16
3941,46
3942,31
3943,0
3944,2
3945,3
3946,26
3947,40
3948,9
3949,41
3950,5
3951,18
3952,16
3953,45
3954,3
3955,13
3956,43
3957,42
3958,23
3959,47
3960,26
3961,29
3962,7
3963,23
3964,32
3965,17
3966,33
3967,26
3968,35
3969,39
3970,26
3971,44
3972,17
3973,2
3974,33
3975,16
3976,15
3977,18
3978,5
3979,30
3980,17
3981,5
3982,31
3983,19
3984,21
3985,37
3986,47
3987,21
3988,1
3989,5
3990,29
3991,8
3992,39
3993,38
3994,9
3995,40
3996,21
3997,6
3998,22
3999,26
4000,40
4001,36
4002,44
4003,46
4004,37
4005,34
4006,39
4007,23
4008,19
4009,19
4010,14
4011,11
4012,17
4013,36
4014,33
4015,21
4016,8
4017,17
4018,26
4019,1
4020,9
4021,17
4022,24
4023,8
4024,25
4025,12
4026,46
4027,1
4028,25
4029,9
4030,17
4031,10
4032,28
4033,36
4034,25
4035,29
4036,10
4037,6
4038,9
4039,45
4040,20
4041,32
4042,3
4043,27
4044,7
4045,16
4046,4
4047,18
4048,9
4049,42
4050,44
4051,49
4052,25
4053,6
4054,14
4055,23
4056,24
4057,44
4058,19
4059,28
4060,24
4061,5
4062,34
4063,40
4064,6
4065,30
4066,28
4067,40
4068,23
4069,12
4070,16
4071,41
4072,38
4073,2
4074,47
4075,9
4076,37
4077,25
4078,33
4079,17
4080,27
4081,21
4082,9
4083,26
4084,39
4085,30
4086,12
4087,27
4088,1
4089,32
4090,26
4091,24
4092,12
4093,8
4094,5
4095,29
4096,25
4097,16
4098,6
4099,2
4100,8
4101,4
4102,10
4103,8
4104,47
4105,23
4106,30
4107,40
4108,27
4109,8
4110,25
4111,29
4112,41
4113,7
4114,18
4115,5
4116,35
4117,34
4118,7
4119,42
4120,10
4121,49
4122,43
4123,8
4124,36
4125,31
4126,3
4127,20
4128,9
4129,23
4130,1
4131,28
4132,31
4133,8
4134,18
4135,24
4136,21
4137,3
4138,26
4139,15
4140,40
4141,7
4142,6
4143,12
4144,18
4145,12
4146,19
4147,36
4148,43
4149,33
4150,4
4151,27
4152,1
4153,46
4154,25
4155,16
4156,12
4157,47
4158,21
4159,17
4160,38
4161,19
4162,46
4163,5
4164,42
4165,42
4166,4
4167,37
4168,13
4169,43
4170,32
4171,4
4172,39
4173,17
4174,49
4175,7
4176,17
4177,28
4178,21
4179,38
4180,20
4181,34
4182,36
4183,1
4184,33
4185,18
4186,5
4187,40
4188,6
4189,42
4190,3
4191,21
4192,5
4193,31
4194,33
4195,15
4196,23
4197,38
4198,29
4199,4
4200,32
4201,20
4202,36
4203,31
4204,47
4205,10
4206,46
4207,24
4208,46
4209,20
4210,10
4211,8
4212,21
4213,36
4214,17
4215,45
4216,30
4217,28
4218,27
4219,47
4220,19
4221,12
4222,5
4223,17
4224,38
4225,16
4226,21
4227,31
4228,41
4229,17
4230,47
4231,43
4232,25
4233,4
4234,40
4235,1
4236,12
4237,24
4238,17
4239,17
4240,18
4241,3
4242,26
4243,45
4244,44
4245,37
4246,8
4247,21
4248,33
4249,18
4250,46
4251,40
4252,42
4253,16
4254,34
4255,32
4256,47
4257,0
4258,21
4259,38
4260,36
4261,42
4262,21
4263,1
4264,33
4265,8
4266,5
4267,24
4268,32
4269,42
4270,26
4271,46
4272,16
4273,38
4274,12
4275,10
4276,14
4277,43
4278,35
4279,20
4280,21
4281,44
4282,12
4283,46
4284,17
4285,21
4286,48
4287,38
4288,16
4289,30
4290,38
4291,11
4292,37
4293,17
4294,11
4295,26
4296,16
4297,5
4298,26
4299,48
4300,32
4301,21
4302,16
4303,8
4304,49
4305,47
4306,13
4307,32
4308,36
4309,32
4310,1
4311,10
4312,12
4313,19
4314,7
4315,4
4316,9
4317,14
4318,27
4319,16
4320,25
4321,9
4322,40
4323,18
4324,26
4325,5
4326,18
4327,2
4328,5
4329,22
4330,17
4331,39
4332,1
4333,15
4334,18
4335,37
4336,27
4337,24
4338,18
4339,17
4340,21
4341,47
4342,29
4343,45
4344,6
4345,5
4346,44
4347,30
4348,34
4349,17
4350,2
4351,44
4352,2
4353,23
4354,40
4355,2
4356,49
4357,6
4358,47
4359,31
4360,34
4361,6
4362,33
4363,1
4364,21
4365,29
4366,49
4367,24
4368,4
4369,27
4370,9
4371,29
4372,17
4373,31
4374,35
4375,3
4376,6
4377,14
4378,22
4379,14
4380,26
4381,29
4382,15
4383,35
4384,8
4385,8
4386,49
4387,32
4388,18
4389,15
4390,21
4391,23
4392,28
4393,10
4394,21
4395,30
4396,1
4397,25
4398,6
4399,17
4400,4
4401,32
4402,4
4403,1
4404,1
4405,25
4406,20
4407,3
4408,42
4409,35
4410,17
4411,23
4412,42
4413,48
4414,10
4415,39
4416,32
4417,32
4418,47
4419,24
4420,40
4421,30
4422,49
4423,31
4424,43
4425,47
4426,21
4427,19
4428,46
4429,48
4430,21
4431,1
4432,37
4433,16
4434,40
4435,27
4436,47
4437,15
4438,13
4439,47
4440,48
4441,6
4442,42
4443,30
4444,27
4445,5
4446,30
4447,5
4448,48
4449,1
4450,31
4451,5
4452,6
4453,10
4454,5
4455,16
4456,28
4457,36
4458,28
4459,34
4460,43
4461,47
4462,19
4463,6
4464,48
4465,45
4466,8
4467,5
4468,42
4469,36
4470,6
4471,16
4472,16
4473,44
4474,21
4475,17
4476,10
4477,3
4478,49
4479,27
4480,4
4481,46
4482,2
4483,35
4484,9
4485,4
4486,41
4487,17
4488,31
4489,5
4490,46
4491,46
4492,13
4493,36
4494,38
4495,36
4496,14
4497,47
4498,32
4499,35
4500,38
4501,31
4502,5
4503,7
4504,31
4505,4
4506,35
4507,33
4508,36
4509,11
4510,17
4511,40
4512,14
4513,21
4514,40
4515,2
4516,32
4517,7
4518,48
4519,22
4520,40
4521,20
4522,16
4523,40
4524,21
4525,33
4526,41
4527,18
4528,7
4529,15
4530,33
4531,2
4532,13
4533,26
4534,40
4535,43
4536,9
4537,42
4538,7
4539,28
4540,6
4541,42
4542,16
4543,22
4544,15
4545,6
4546,41
4547,26
4548,47
4549,40
4550,3
4551,16
4552,33
4553,18
4554,6
4555,10
4556,13
4557,32
4558,38
4559,31
4560,1
4561,16
4562,0
4563,31
4564,19
4565,8
4566,20
4567,38
4568,49
4569,33
4570,13
4571,28
4572,5
4573,6
4574,3
4575,15
4576,8
4577,29
4578,44
4579,34
4580,25
4581,4
4582,33
4583,24
4584,22
4585,34
4586,4
4587,6
4588,30
4589,18
4590,29
4591,8
4592,48
4593,16
4594,12
4595,1
4596,31
4597,5
4598,1
4599,25
4600,3
4601,5
4602,15
4603,18
4604,22
4605,41
4606,14
4607,6
4608,10
4609,33
4610,32
4611,13
4612,34
4613,28
4614,18
4615,21
4616,19
4617,17
4618,31
4619,23
4620,32
4621,1
4622,14
4623,42
4624,35
4625,12
4626,10
4627,11
4628,2
4629,31
4630,37
4631,10
4632,42
4633,44
4634,2
4635,19
4636,24
4637,8
4638,11
4639,35
4640,20
4641,5
4642,11
4643,25
4644,35
4645,16
4646,40
4647,3
4648,47
4649,8
4650,5
4651,8
4652,41
4653,15
4654,37
4655,28
4656,40
4657,45
4658,36
4659,39
4660,17
4661,4
4662,42
4663,30
4664,21
4665,17
4666,43
4667,26
4668,33
4669,1
4670,10
4671,45
4672,21
4673,17
4674,19
4675,47
4676,22
4677,15
4678,3
4679,21
4680,24
4681,29
4682,47
4683,20
4684,6
4685,5
4686,7
4687,6
4688,47
4689,42
4690,23
4691,27
4692,40
4693,11
4694,33
4695,24
4696,19
4697,7
4698,6
4699,32
4700,1
4701,7
4702,21
4703,16
4704,27
4705,22
4706,12
4707,47
4708,7
4709,19
4710,23
4711,24
4712,11
4713,21
4714,40
4715,42
4716,16
4717,32
4718,5
4719,33
4720,42
4721,12
4722,25
4723,49
4724,47
4725,37
4726,11
4727,7
4728,49
4729,7
4730,26
4731,29
4732,17
4733,43
4734,18
4735,16
4736,8
4737,32
4738,13
4739,11
4740,18
4741,35
4742,15
4743,40
4744,19
4745,10
4746,8
4747,2
4748,39
4749,4
4750,29
4751,3
4752,17
4753,30
4754,23
4755,42
4756,17
4757,5
4758,5
4759,6
4760,34
4761,32
4762,16
4763,49
4764,6
4765,42
4766,20
4767,35
4768,8
4769,11
4770,47
4771,42
4772,34
4773,5
4774,49
4775,44
4776,22
4777,17
4778,21
4779,39
4780,2
4781,10
4782,31
4783,20
4784,8
4785,19
4786,44
4787,40
4788,36
4789,23
4790,18
4791,11
4792,5
4793,46
4794,24
4795,49
4796,18
4797,6
4798,17
4799,24
4800,42
4801,6
4802,26
4803,20
4804,20
4805,6
4806,39
4807,15
4808,13
4809,40
4810,43
4811,43
4812,24
4813,25
4814,40
4815,47
4816,46
4817,9
4818,27
4819,26
4820,23
4821,17
4822,39
4823,15
4824,7
4825,13
4826,12
4827,1
4828,43
4829,31
4830,16
4831,26
4832,21
4833,1
4834,6
4835,37
4836,33
4837,22
4838,8
4839,8
4840,12
4841,31
4842,43
4843,43
4844,13
4845,26
4846,19
4847,27
4848,13
4849,34
4850,14
4851,15
4852,24
4853,33
4854,35
4855,35
4856,33
4857,16
4858,4
4859,4
4860,6
4861,11
4862,22
4863,31
4864,37
4865,24
4866,49
4867,39
4868,32
4869,7
4870,17
4871,7
4872,12
4873,11
4874,48
4875,47
4876,33
4877,37
4878,44
4879,43
4880,46
4881,29
4882,43
4883,34
4884,26
4885,18
4886,17
4887,16
4888,21
4889,21
4890,42
4891,30
4892,23
4893,17
4894,4
4895,23
4896,19
4897,35
4898,49
4899,42
4900,36
4901,27
4902,27
4903,47
4904,38
4905,18
4906,46
4907,45
4908,14
4909,42
4910,40
4911,6
4912,26
4913,18
4914,24
4915,5
4916,49
4917,19
4918,1
4919,28
4920,46
4921,16
4922,38
4923,4
4924,32
4925,12
4926,40
4927,37
4928,1
4929,26
4930,5
4931,25
4932,6
4933,21
4934,38
4935,7
4936,15
4937,42
4938,14
4939,20
4940,48
4941,42
4942,37
4943,15
4944,13
4945,21
4946,16
4947,31
4948,44
4949,12
4950,31
4951,12
4952,49
4953,33
4954,37
4955,29
4956,49
4957,3
4958,7
4959,21
4960,17
4961,29
4962,40
4963,13
4964,20
4965,40
4966,14
4967,18
4968,32
4969,20
4970,1
4971,10
4972,16
4973,49
4974,1
4975,18
4976,11
4977,38
4978,4
4979,33
4980,31
4981,40
4982,26
4983,42
4984,49
4985,40
4986,12
4987,38
4988,39
4989,47
4990,22
4991,40
4992,45
4993,7
4994,13
4995,35
4996,49
4997,48
4998,22
4999,11
5000,20
5001,43
5002,2
5003,4
5004,17
5005,13
5006,43
5007,17
5008,22
5009,33
5010,24
5011,29
5012,24
5013,11
5014,2
5015,32
5016,23
5017,5
5018,44
5019,24
5020,16
5021,40
5022,18
5023,11
5024,21
5025,26
5026,18
5027,11
5028,23
5029,33
5030,1
5031,35
5032,48
5033,2
5034,31
5035,37
5036,7
5037,30
5038,16
5039,17
5040,47
5041,16
5042,29
5043,29
5044,7
5045,21
5046,43
5047,6
5048,32
5049,39
5050,0
5051,39
5052,6
5053,41
5054,19
5055,19
5056,40
5057,16
5058,33
5059,22
5060,25
5061,22
5062,11
5063,3
5064,21
5065,19
5066,39
5067,27
5068,31
5069,4
5070,11
5071,35
5072,5
5073,24
5074,30
5075,21
5076,35
5077,19
5078,42
5079,21
5080,2
5081,9
5082,30
5083,26
5084,18
5085,37
5086,24
5087,5
5088,47
5089,14
5090,4
5091,23
5092,5
5093,23
5094,26
5095,39
5096,4
5097,14
5098,46
5099,13
5100,25
5101,41
5102,17
5103,21
5104,23
5105,37
5106,30
5107,18
5108,46
5109,17
5110,48
5111,14
5112,8
5113,18
5114,13
5115,5
5116,15
5117,17
5118,23
5119,29
5120,1
5121,32
5122,11
5123,43
5124,7
5125,21
5126,33
5127,49
5128,29
5129,5
5130,35
5131,26
5132,17
5133,18
5134,18
5135,10
5136,8
5137,22
5138,47
5139,26
5140,37
5141,18
5142,15
5143,8
5144,23
5145,14
5146,32
5147,10
5148,8
5149,6
5150,21
5151,38
5152,27
5153,27
5154,1
5155,32
5156,18
5157,5
5158,5
5159,4
5160,35
5161,36
5162,17
5163,4
5164,24
5165,27
5166,39
5167,9
5168,40
5169,44
5170,38
5171,28
5172,8
5173,21
5174,11
5175,5
5176,22
5177,13
5178,22
5179,44
5180,40
5181,46
5182,10
5183,8
5184,16
5185,15
5186,16
5187,21
5188,35
5189,17
5190,30
5191,5
5192,26
5193,18
5194,9
5195,12
5196,49
5197,27
5198,12
5199,5
5200,46
5201,23
5202,42
5203,21
5204,5
5205,26
5206,23
5207,30
5208,31
5209,47
5210,30
5211,43
5212,11
5213,11
5214,20
5215,21
5216,17
5217,18
5218,7
5219,2
5220,29
5221,36
5222,35
5223,20
5224,12
5225,11
5226,20
5227,27
5228,32
5229,26
5230,46
5231,45
5232,13
5233,10
5234,17
5235,31
5236,42
5237,3
5238,17
5239,21
5240,8
5241,21
5242,26
5243,24
5244,28
5245,26
5246,2
5247,40
5248,22
5249,6
5250,2
5251,11
5252,26
5253,29
5254,31
5255,22
5256,19
5257,1
5258,19
5259,26
5260,6
5261,27
5262,17
5263,3
5264,22
5265,16
5266,29
5267,42
5268,32
5269,6
5270,3
5271,36
5272,1
5273,12
5274,46
5275,19
5276,41
5277,47
5278,33
5279,15
5280,14
5281,11
5282,46
5283,8
5284,31
5285,14
5286,10
5287,35
5288,27
5289,0
5290,5
5291,32
5292,40
5293,37
5294,36
5295,11
5296,15
5297,26
5298,37
5299,40
5300,28
5301,6
5302,46
5303,7
5304,34
5305,39
5306,46
5307,8
5308,10
5309,34
5310,8
5311,3
5312,3
5313,7
5314,31
5315,17
5316,6
5317,21
5318,44
5319,27
5320,31
5321,28
5322,12
5323,40
5324,34
5325,4
5326,44
5327,9
5328,40
5329,17
5330,19
5331,33
5332,27
5333,48
5334,24
5335,36
5336,46
5337,17
5338,18
5339,23
5340,4
5341,39
5342,26
5343,18
5344,7
5345,5
5346,30
5347,12
5348,24
5349,46
5350,24
5351,37
5352,16
5353,35
5354,40
5355,12
5356,29
5357,16
5358,17
5359,3
5360,5
5361,8
5362,29
5363,19
5364,7
5365,8
5366,32
5367,30
5368,43
5369,16
5370,23
5371,35
5372,34
5373,5
5374,49
5375,47
5376,35
5377,49
5378,33
5379,17
5380,7
5381,18
5382,19
5383,13
5384,49
5385,40
5386,18
5387,47
5388,32
5389,7
5390,46
5391,17
5392,34
5393,15
5394,27
5395,17
5396,30
5397,40
5398,10
5399,42
5400,40
5401,29
5402,5
5403,2
5404,18
5405,40
5406,28
5407,22
5408,21
5409,43
5410,24
5411,49
5412,34
5413,6
5414,24
5415,3
5416,38
5417,8
5418,8
5419,48
5420,12
5421,44
5422,17
5423,12
5424,8
5425,46
5426,30
5427,49
5428,2
5429,3
5430,19
5431,11
5432,33
5433,39
5434,15
5435,18
5436,12
5437,3
5438,17
5439,29
5440,36
5441,17
5442,42
5443,12
5444,13
5445,12
5446,1
5447,25
5448,26
5449,37
5450,24
5451,35
5452,46
5453,41
5454,14
5455,6
5456,41
5457,17
5458,49
5459,16
5460,5
5461,26
5462,48
5463,20
5464,43
5465,14
5466,11
5467,5
5468,28
5469,18
5470,6
5471,32
5472,17
5473,6
5474,35
5475,17
5476,35
5477,5
5478,24
5479,28
5480,14
5481,37
5482,33
5483,46
5484,23
5485,36
5486,32
5487,3
5488,1
5489,29
5490,41
5491,34
5492,4
5493,36
5494,46
5495,23
5496,35
5497,1
5498,6
5499,43
5500,24
5501,30
5502,17
5503,1
5504,11
5505,32
5506,43
5507,7
5508,38
5509,38
5510,40
5511,26
5512,2
5513,13
5514,35
5515,36
5516,30
5517,25
5518,29
5519,12
5520,32
5521,13
5522,4
5523,27
5524,18
5525,25
5526,5
5527,9
5528,29
5529,4
5530,20
5531,4
5532,37
5533,39
5534,17
5535,46
5536,47
5537,15
5538,35
5539,6
5540,40
5541,20
5542,23
5543,1
5544,27
5545,12
5546,42
5547,1
5548,40
5549,29
5550,17
5551,43
5552,19
5553,36
5554,29
5555,8
5556,7
5557,18
5558,35
5559,22
5560,48
5561,16
5562,42
5563,17
5564,28
5565,36
5566,26
5567,5
5568,46
5569,26
5570,12
5571,30
5572,16
5573,6
5574,43
5575,26
5576,20
5577,37
5578,17
5579,7
5580,13
5581,17
5582,8
5583,32
5584,18
5585,48
5586,9
5587,28
5588,46
5589,24
5590,37
5591,22
5592,5
5593,7
5594,1
5595,14
5596,33
5597,16
5598,26
5599,41
5600,21
5601,21
5602,35
5603,47
5604,46
5605,37
5606,4
5607,44
5608,32
5609,44
5610,22
5611,43
5612,38
5613,34
5614,12
5615,7
5616,26
5617,25
5618,4
5619,49
5620,40
5621,12
5622,38
5623,17
5624,15
5625,2
5626,31
5627,4
5628,23
5629,9
5630,24
5631,27
5632,5
5633,43
5634,33
5635,29
5636,17
5637,15
5638,35
5639,38
5640,46
5641,28
5642,15
5643,4
5644,27
5645,36
5646,31
5647,27
5648,2
5649,37
5650,22
5651,12
5652,12
5653,4
5654,12
5655,18
5656,37
5657,19
5658,42
5659,44
5660,41
5661,7
5662,4
5663,43
5664,1
5665,17
5666,30
5667,21
5668,42
5669,21
5670,12
5671,1
5672,35
5673,24
5674,26
5675,3
5676,31
5677,20
5678,8
5679,36
5680,21
5681,12
5682,12
5683,1
5684,15
5685,31
5686,35
5687,32
5688,34
5689,38
5690,31
5691,45
5692,12
5693,19
5694,5
5695,20
5696,17
5697,8
5698,31
5699,18
5700,43
5701,16
5702,7
5703,43
5704,29
5705,17
5706,25
5707,40
5708,6
5709,36
5710,43
5711,22
5712,33
5713,18
5714,12
5715,29
5716,39
5717,40
5718,28
5719,5
5720,13
5721,38
5722,49
5723,48
5724,31
5725,35
5726,33
5727,14
5728,20
5729,22
5730,18
5731,36
5732,33
5733,19
5734,4
5735,5
5736,21
5737,18
5738,21
5739,15
5740,7
5741,6
5742,43
5743,21
5744,6
5745,34
5746,21
5747,32
5748,45
5749,35
5750,21
5751,15
5752,38
5753,16
5754,14
5755,44
5756,45
5757,27
5758,24
5759,17
5760,7
5761,40
5762,25
5763,26
5764,39
5765,21
5766,26
5767,32
5768,47
5769,40
5770,11
5771,26
5772,12
5773,21
5774,17
5775,21
5776,29
5777,32
5778,6
5779,31
5780,24
5781,26
5782,9
5783,34
5784,31
5785,40
5786,39
5787,10
5788,7
5789,6
5790,45
5791,4
5792,15
5793,32
5794,26
5795,8
5796,32
5797,17
5798,33
5799,0
5800,24
5801,1
5802,4
5803,40
5804,47
5805,9
5806,7
5807,44
5808,6
5809,43
5810,23
5811,37
5812,49
5813,17
5814,11
5815,14
5816,1
5817,21
5818,17
5819,16
5820,34
5821,35
5822,43
5823,7
5824,3
5825,18
5826,15
5827,39
5828,37
5829,24
5830,5
5831,26
5832,21
5833,18
5834,40
5835,13
5836,8
5837,16
5838,5
5839,6
5840,11
5841,37
5842,13
5843,46
5844,27
5845,15
5846,26
5847,23
5848,35
5849,37
5850,23
5851,47
5852,38
5853,18
5854,8
5855,37
5856,7
5857,40
5858,3
5859,1
5860,9
5861,21
5862,7
5863,22
5864,18
5865,14
5866,33
5867,31
5868,35
5869,11
5870,39
5871,17
5872,4
5873,46
5874,49
5875,4
5876,37
5877,42
5878,17
5879,5
5880,23
5881,49
5882,49
5883,37
5884,8
5885,37
5886,26
5887,6
5888,16
5889,8
5890,40
5891,22
5892,10
5893,8
5894,15
5895,4
5896,16
5897,7
5898,12
5899,47
5900,18
5901,46
5902,8
5903,29
5904,23
5905,42
5906,24
5907,48
5908,37
5909,35
5910,35
5911,36
5912,31
5913,2
5914,36
5915,35
5916,14
5917,42
5918,33
5919,12
5920,8
5921,37
5922,16
5923,47
5924,31
5925,17
5926,34
5927,3
5928,8
5929,33
5930,33
5931,35
5932,47
5933,25
5934,15
5935,7
5936,29
5937,48
5938,9
5939,47
5940,19
5941,36
5942,21
5943,35
5944,40
5945,42
5946,13
5947,37
5948,32
5949,20
5950,38
5951,46
5952,39
5953,18
5954,38
5955,12
5956,43
5957,36
5958,14
5959,24
5960,12
5961,23
5962,24
5963,10
5964,10
5965,8
5966,40
5967,22
5968,27
5969,29
5970,40
5971,26
5972,5
5973,40
5974,33
5975,40
5976,3
5977,46
5978,29
5979,40
5980,21
5981,17
5982,20
5983,49
5984,7
5985,33
5986,35
5987,48
5988,12
5989,27
5990,7
5991,49
5992,6
5993,3
5994,31
5995,25
5996,39
5997,0
5998,13
5999,25
6000,21
6001,25
6002,4
6003,11
6004,12
6005,28
6006,36
6007,29
6008,1
6009,44
6010,26
6011,38
6012,11
6013,35
6014,40
6015,13
6016,33
6017,31
6018,21
6019,31
6020,21
6021,48
6022,35
6023,47
6024,22
6025,2
6026,35
6027,31
6028,11
6029,48
6030,45
6031,4
6032,3
6033,34
6034,41
6035,33
6036,32
6037,1
6038,34
6039,46
6040,28
6041,4
6042,15
6043,6
6044,10
6045,12
6046,36
6047,17
6048,20
6049,47
6050,10
6051,30
6052,33
6053,13
6054,1
6055,5
6056,16
6057,3
6058,3
6059,25
6060,21
6061,11
6062,13
6063,36
6064,4
6065,5
6066,17
6067,35
6068,32
6069,5
6070,25
6071,43
6072,31
6073,8
6074,1
6075,38
6076,27
6077,21
6078,7
6079,39
6080,22
6081,32
6082,10
6083,47
6084,27
6085,27
6086,4
6087,33
6088,32
6089,15
6090,9
6091,7
6092,24
6093,25
6094,43
6095,40
6096,38
6097,7
6098,11
6099,23
6100,35
6101,28
6102,34
6103,24
6104,25
6105,47
6106,36
6107,38
6108,3
6109,24
6110,1
6111,32
6112,5
6113,12
6114,23
6115,11
6116,9
6117,40
6118,26
6119,28
6120,29
6121,26
6122,18
6123,29
6124,45
6125,16
6126,27
6127,6
6128,32
6129,5
6130,34
6131,33
6132,12
6133,4
6134,2
6135,25
6136,33
6137,1
6138,12
6139,42
6140,39
6141,46
6142,37
6143,5
6144,5
6145,17
6146,5
6147,30
6148,7
6149,23
6150,26
6151,10
6152,18
6153,31
6154,7
6155,18
6156,31
6157,19
6158,28
6159,31
6160,37
6161,21
6162,9
6163,39
6164,46
6165,25
6166,35
6167,22
6168,23
6169,1
6170,10
6171,13
6172,40
6173,33
6174,12
6175,7
6176,35
6177,27
6178,35
6179,35
6180,8
6181,1
6182,6
6183,6
6184,46
6185,30
6186,5
6187,23
6188,45
6189,32
6190,40
6191,29
6192,16
6193,40
6194,15
6195,13
6196,37
6197,23
6198,1
6199,34
6200,33
6201,16
6202,40
6203,36
6204,35
6205,10
6206,18
6207,35
6208,44
6209,6
6210,12
6211,14
6212,35
6213,21
6214,45
6215,3
6216,17
6217,13
6218,34
6219,13
6220,17
6221,40
6222,37
6223,34
6224,35
6225,36
6226,19
6227,42
6228,35
6229,35
6230,11
6231,20
6232,13
6233,31
6234,23
6235,27
6236,47
6237,7
6238,18
6239,34
6240,49
6241,28
6242,32
6243,35
6244,29
6245,19
6246,45
6247,32
6248,38
6249,21
6250,23
6251,13
6252,37
6253,13
6254,24
6255,11
6256,16
6257,9
6258,43
6259,34
6260,33
6261,48
6262,6
6263,21
6264,27
6265,27
6266,33
6267,12
6268,21
6269,7
6270,20
6271,26
6272,23
6273,41
6274,1
6275,43
6276,29
6277,16
6278,34
6279,22
6280,12
6281,1
6282,26
6283,19
6284,18
6285,35
6286,18
6287,6
6288,19
6289,3
6290,40
6291,10
6292,24
6293,22
6294,31
6295,40
6296,34
6297,47
6298,12
6299,37
6300,42
6301,48
6302,5
6303,16
6304,34
6305,18
6306,17
6307,47
6308,43
6309,16
6310,15
6311,26
6312,8
6313,7
6314,19
6315,42
6316,47
6317,5
6318,36
6319,44
6320,40
6321,46
6322,19
6323,4
6324,5
6325,7
6326,12
6327,37
6328,15
6329,32
6330,11
6331,5
6332,12
6333,38
6334,22
6335,2
6336,7
6337,32
6338,36
6339,5
6340,9
6341,31
6342,18
6343,37
6344,16
6345,13
6346,7
6347,10
6348,46
6349,17
6350,26
6351,32
6352,38
6353,21
6354,29
6355,49
6356,16
6357,2
6358,47
6359,14
6360,15
6361,13
6362,41
6363,47
6364,39
6365,40
6366,31
6367,13
6368,40
6369,47
6370,49
6371,26
6372,34
6373,29
6374,17
6375,31
6376,7
6377,27
6378,34
6379,40
6380,7
6381,41
6382,34
6383,23
6384,46
6385,4
6386,30
6387,47
6388,5
6389,6
6390,35
6391,3
6392,5
6393,31
6394,13
6395,10
6396,33
6397,17
6398,39
6399,15
6400,39
6401,1
6402,49
6403,4
6404,28
6405,35
6406,20
6407,33
6408,1
6409,38
6410,1
6411,29
6412,11
6413,21
6414,12
6415,16
6416,1
6417,37
6418,4
6419,2
6420,24
6421,25
6422,9
6423,46
6424,17
6425,46
6426,18
6427,11
6428,10
6429,15
6430,44
6431,48
6432,27
6433,39
6434,3
6435,7
6436,28
6437,4
6438,17
6439,47
6440,40
6441,47
6442,23
6443,16
6444,40
6445,12
6446,1
6447,24
6448,27
6449,16
6450,33
6451,4
6452,32
6453,14
6454,8
6455,31
6456,27
6457,11
6458,6
6459,5
6460,9
6461,2
6462,32
6463,18
6464,11
6465,17
6466,9
6467,7
6468,12
6469,32
6470,18
6471,31
6472,5
6473,11
6474,44
6475,25
6476,9
6477,1
6478,24
6479,32
6480,12
6481,28
6482,40
6483,2
6484,14
6485,1
6486,26
6487,8
6488,10
6489,19
6490,23
6491,32
6492,47
6493,46
6494,5
6495,12
6496,40
6497,17
6498,43
6499,11
6500,1
6501,13
6502,36
6503,5
6504,8
6505,6
6506,2
6507,40
6508,48
6509,38
6510,5
6511,1
6512,29
6513,7
6514,42
6515,44
6516,34
6517,19
6518,15
6519,16
6520,9
6521,24
6522,35
6523,6
6524,40
6525,11
6526,31
6527,23
6528,37
6529,7
6530,4
6531,39
6532,14
6533,6
6534,28
6535,21
6536,46
6537,42
6538,29
6539,1
6540,37
6541,26
6542,23
6543,16
6544,47
6545,6
6546,21
6547,25
6548,20
6549,1
6550,30
6551,35
6552,46
6553,49
6554,47
6555,47
6556,40
6557,18
6558,42
6559,44
6560,25
6561,17
6562,31
6563,6
6564,9
6565,3
6566,16
6567,46
6568,47
6569,40
6570,29
6571,25
6572,26
6573,48
6574,13
6575,16
6576,8
6577,5
6578,10
6579,23
6580,10
6581,40
6582,43
6583,40
6584,16
6585,24
6586,6
6587,40
6588,44
6589,33
6590,40
6591,31
6592,8
6593,12
6594,21
6595,27
6596,3
6597,36
6598,3
6599,46
6600,1
6601,48
6602,23
6603,26
6604,42
6605,45
6606,22
6607,31
6608,17
6609,3
6610,6
6611,44
6612,38
6613,35
6614,48
6615,46
6616,22
6617,14
6618,23
6619,24
6620,19
6621,38
6622,10
6623,4
6624,29
6625,33
6626,36
6627,17
6628,12
6629,2
6630,4
6631,40
6632,25
6633,19
6634,35
6635,38
6636,18
6637,31
6638,12
6639,23
6640,24
6641,27
6642,1
6643,47
6644,48
6645,19
6646,35
6647,42
6648,26
6649,43
6650,4
6651,32
6652,5
6653,49
6654,42
6655,9
6656,26
6657,6
6658,26
6659,7
6660,21
6661,19
6662,7
6663,17
6664,33
6665,5
6666,40
6667,26
6668,22
6669,43
6670,10
6671,11
6672,17
6673,1
6674,1
6675,1
6676,27
6677,11
6678,13
6679,16
6680,17
6681,46
6682,26
6683,8
6684,40
6685,5
6686,26
6687,16
6688,23
6689,40
6690,18
6691,12
6692,27
6693,7
6694,9
6695,48
6696,40
6697,8
6698,27
6699,47
6700,8
6701,47
6702,9
6703,21
6704,40
6705,40
6706,16
6707,41
6708,1
6709,26
6710,37
6711,42
6712,43
6713,45
6714,24
6715,3
6716,44
6717,16
6718,14
6719,1
6720,35
6721,18
6722,29
6723,17
6724,49
6725,39
6726,12
6727,42
6728,40
6729,7
6730,7
6731,21
6732,10
6733,42
6734,16
6735,17
6736,45
6737,42
6738,21
6739,47
6740,38
6741,31
6742,35
6743,30
6744,1
6745,46
6746,10
6747,12
6748,21
6749,38
6750,9
6751,9
6752,23
6753,47
6754,2
6755,21
6756,13
6757,39
6758,5
6759,21
6760,34
6761,3
6762,29
6763,47
6764,47
6765,8
6766,29
6767,47
6768,26
6769,12
6770,38
6771,23
6772,11
6773,40
6774,10
6775,19
6776,3
6777,40
6778,37
6779,44
6780,30
6781,6
6782,23
6783,49
6784,43
6785,32
6786,31
6787,17
6788,17
6789,6
6790,27
6791,4
6792,38
6793,41
6794,30
6795,4
6796,17
6797,2
6798,0
6799,37
6800,26
6801,8
6802,25
6803,4
6804,12
6805,8
6806,9
6807,5
6808,29
6809,23
6810,4
6811,11
6812,36
6813,12
6814,24
6815,12
6816,14
6817,34
6818,10
6819,29
6820,9
6821,25
6822,20
6823,32
6824,13
6825,13
6826,4
6827,40
6828,21
6829,31
6830,32
6831,9
6832,25
6833,4
6834,40
6835,11
6836,12
6837,33
6838,6
6839,46
6840,28
6841,33
6842,36
6843,17
6844,16
6845,40
6846,25
6847,42
6848,13
6849,21
6850,49
6851,7
6852,33
6853,14
6854,21
6855,31
6856,15
6857,19
6858,38
6859,3
6860,6
6861,38
6862,13
6863,1
6864,26
6865,9
6866,36
6867,4
6868,8
6869,40
6870,20
6871,7
6872,30
6873,47
6874,2
6875,3
6876,10
6877,17
6878,33
6879,35
6880,26
6881,47
6882,40
6883,20
6884,39
6885,25
6886,34
6887,36
6888,14
6889,43
6890,32
6891,17
6892,19
6893,28
6894,16
6895,17
6896,3
6897,33
6898,30
6899,48
6900,37
6901,40
6902,5
6903,14
6904,29
6905,7
6906,23
6907,49
6908,15
6909,30
6910,38
6911,30
6912,25
6913,16
6914,16
6915,42
6916,30
6917,34
6918,22
6919,31
6920,7
6921,7
6922,40
6923,18
6924,21
6925,47
6926,35
6927,18
6928,37
6929,25
6930,23
6931,35
6932,9
6933,7
6934,23
6935,42
6936,32
6937,31
6938,34
6939,10
6940,11
6941,23
6942,24
6943,6
6944,34
6945,5
6946,8
6947,26
6948,28
6949,46
6950,35
6951,7
6952,42
6953,49
6954,34
6955,31
6956,31
6957,38
6958,40
6959,44
6960,34
6961,35
6962,18
6963,32
6964,32
6965,46
6966,37
6967,47
6968,16
6969,46
6970,9
6971,9
6972,34
6973,3
6974,15
6975,45
6976,12
6977,32
6978,18
6979,13
6980,48
6981,18
6982,3
6983,33
6984,21
6985,43
6986,5
6987,13
6988,12
6989,27
6990,27
6991,10
6992,12
6993,33
6994,26
6995,18
6996,1
6997,4
6998,49
6999,13
7000,14
7001,18
7002,22
7003,37
7004,4
7005,6
7006,17
7007,4
7008,40
7009,5
7010,21
7011,8
7012,49
7013,27
7014,17
7015,18
7016,18
7017,20
7018,22
7019,3
7020,36
7021,12
7022,15
7023,42
7024,26
7025,27
7026,32
7027,18
7028,18
7029,17
7030,4
7031,27
7032,5
7033,24
7034,33
7035,19
7036,28
7037,26
7038,39
7039,1
7040,33
7041,35
7042,47
7043,32
7044,30
7045,1
7046,46
7047,6
7048,6
7049,1
7050,10
7051,25
7052,43
7053,24
7054,32
7055,21
7056,28
7057,32
7058,16
7059,34
7060,48
7061,22
7062,47
7063,35
7064,19
7065,30
7066,5
7067,40
7068,18
7069,31
7070,30
7071,27
7072,26
7073,7
7074,46
7075,29
7076,39
7077,5
7078,4
7079,31
7080,41
7081,10
7082,15
7083,42
7084,21
7085,28
7086,34
7087,34
7088,35
7089,40
7090,32
7091,15
7092,15
7093,25
7094,15
7095,32
7096,43
7097,21
7098,47
7099,13
7100,39
7101,14
7102,38
7103,29
7104,17
7105,14
7106,18
7107,32
7108,47
7109,48
7110,21
7111,40
7112,8
7113,4
7114,20
7115,42
7116,32
7117,48
7118,16
7119,32
7120,23
7121,12
7122,39
7123,35
7124,11
7125,4
7126,11
7127,22
7128,48
7129,40
7130,41
7131,29
7132,10
7133,33
7134,1
7135,12
7136,26
7137,3
7138,49
7139,40
7140,10
7141,12
7142,26
7143,23
7144,16
7145,15
7146,24
7147,24
7148,35
7149,40
7150,24
7151,31
7152,31
7153,15
7154,34
7155,22
7156,36
7157,29
7158,43
7159,23
7160,7
7161,23
7162,29
7163,1
7164,35
7165,17
7166,40
7167,30
7168,14
7169,31
7170,13
7171,26
7172,5
7173,9
7174,40
7175,49
7176,3
7177,44
7178,13
7179,38
7180,19
7181,10
7182,30
7183,6
7184,25
7185,33
7186,35
7187,21
7188,2
7189,18
7190,38
7191,8
7192,40
7193,13
7194,43
7195,23
7196,17
7197,6
7198,8
7199,25
7200,8
7201,47
7202,5
7203,45
7204,46
7205,38
7206,15
7207,46
7208,18
7209,6
7210,9
7211,37
7212,48
7213,48
7214,29
7215,28
7216,22
7217,25
7218,45
7219,8
7220,10
7221,1
7222,5
7223,17
7224,27
7225,3
7226,18
7227,13
7228,17
7229,30
7230,14
7231,15
7232,27
7233,40
7234,46
7235,46
7236,37
7237,9
7238,33
7239,38
7240,7
7241,7
7242,1
7243,41
7244,39
7245,21
7246,37
7247,17
7248,17
7249,13
7250,28
7251,38
7252,41
7253,28
7254,8
7255,11
7256,12
7257,4
7258,20
7259,49
7260,1
7261,4
7262,16
7263,47
7264,45
7265,30
7266,1
7267,20
7268,25
7269,47
7270,1
7271,38
7272,25
7273,18
7274,38
7275,18
7276,35
7277,46
7278,1
7279,3
7280,32
7281,6
7282,2
7283,40
7284,31
7285,7
7286,13
7287,42
7288,22
7289,15
7290,13
7291,1
7292,24
7293,7
7294,8
7295,1
7296,3
7297,16
7298,23
7299,44
7300,17
7301,16
7302,8
7303,18
7304,23
7305,19
7306,28
7307,21
7308,45
7309,32
7310,22
7311,4
7312,30
7313,35
7314,13
7315,48
7316,22
7317,38
7318,18
7319,23
7320,5
7321,31
7322,29
7323,33
7324,22
7325,17
7326,47
7327,1
7328,47
7329,19
7330,39
7331,4
7332,33
7333,29
7334,26
7335,9
7336,44
7337,13
7338,49
7339,15
7340,26
7341,21
7342,10
7343,11
7344,39
7345,17
7346,31
7347,46
7348,32
7349,12
7350,30
7351,31
7352,5
7353,16
7354,34
7355,29
7356,23
7357,7
7358,12
7359,21
7360,48
7361,23
7362,48
7363,16
7364,42
7365,15
7366,37
7367,17
7368,40
7369,12
7370,41
7371,4
7372,42
7373,6
7374,1
7375,26
7376,46
7377,45
7378,18
7379,42
7380,32
7381,18
7382,7
7383,19
7384,33
7385,48
7386,35
7387,31
7388,4
7389,15
7390,12
7391,4
7392,44
7393,35
7394,24
7395,9
7396,32
7397,37
7398,14
7399,23
7400,5
7401,21
7402,26
7403,13
7404,15
7405,26
7406,1
7407,37
7408,35
7409,5
7410,29
7411,42
7412,5
7413,12
7414,49
7415,18
7416,30
7417,8
7418,23
7419,2
7420,25
7421,34
7422,10
7423,18
7424,23
7425,10
7426,30
7427,29
7428,31
7429,7
7430,21
7431,25
7432,42
7433,40
7434,18
7435,12
7436,15
7437,12
7438,35
7439,1
7440,35
7441,8
7442,20
7443,31
7444,29
7445,29
7446,36
7447,26
7448,36
7449,6
7450,15
7451,46
7452,33
7453,3
7454,32
7455,7
7456,8
7457,36
7458,38
7459,17
7460,25
7461,5
7462,31
7463,21
7464,33
7465,31
7466,25
7467,42
7468,26
7469,5
7470,39
7471,27
7472,31
7473,4
7474,12
7475,23
7476,45
7477,17
7478,17
7479,47
7480,33
7481,48
7482,12
7483,24
7484,36
7485,35
7486,22
7487,48
7488,10
7489,1
7490,10
7491,12
7492,35
7493,47
7494,10
7495,2
7496,40
7497,36
7498,16
7499,11
7500,24
7501,19
7502,33
7503,17
7504,39
7505,3
7506,18
7507,35
7508,6
7509,12
7510,3
7511,10
7512,1
7513,39
7514,8
7515,40
7516,26
7517,14
7518,40
7519,30
7520,20
7521,46
7522,15
7523,12
7524,21
7525,17
7526,42
7527,20
7528,48
7529,15
7530,16
7531,31
7532,6
7533,1
7534,47
7535,16
7536,17
7537,32
7538,17
7539,3
7540,37
7541,28
7542,32
7543,9
7544,48
7545,37
7546,7
7547,28
7548,4
7549,4
7550,6
7551,29
7552,10
7553,25
7554,21
7555,21
7556,36
7557,24
7558,31
7559,24
7560,11
7561,22
7562,46
7563,35
7564,1
7565,1
7566,23
7567,38
7568,42
7569,40
7570,26
7571,45
7572,4
7573,17
7574,39
7575,21
7576,45
7577,31
7578,7
7579,21
7580,21
7581,5
7582,27
7583,32
7584,19
7585,29
7586,4
7587,40
7588,14
7589,15
7590,24
7591,32
7592,22
7593,22
7594,32
7595,4
7596,17
7597,7
7598,4
7599,38
7600,18
7601,11
7602,7
7603,32
7604,28
7605,34
7606,11
7607,5
7608,9
7609,48
7610,15
7611,25
7612,15
7613,16
7614,18
7615,10
7616,48
7617,37
7618,12
7619,18
7620,27
7621,39
7622,43
7623,22
7624,31
7625,35
7626,43
7627,43
7628,31
7629,4
7630,31
7631,33
7632,1
7633,46
7634,3
7635,31
7636,14
7637,8
7638,1
7639,20
7640,28
7641,30
7642,10
7643,49
7644,38
7645,33
7646,17
7647,46
7648,13
7649,30
7650,4
7651,8
7652,17
7653,2
7654,23
7655,17
7656,26
7657,49
7658,35
7659,45
7660,27
7661,44
7662,25
7663,32
7664,31
7665,27
7666,2
7667,1
7668,22
7669,1
7670,5
7671,21
7672,17
7673,46
7674,17
7675,1
7676,14
7677,18
7678,47
7679,12
7680,6
7681,47
7682,22
7683,8
7684,8
7685,17
7686,15
7687,12
7688,16
7689,39
7690,1
7691,37
7692,33
7693,6
7694,17
7695,4
7696,19
7697,43
7698,17
7699,47
7700,5
7701,17
7702,32
7703,1
7704,13
7705,44
7706,16
7707,10
7708,13
7709,34
7710,31
7711,40
7712,25
7713,27
7714,16
7715,6
7716,32
7717,33
7718,17
7719,45
7720,5
7721,18
7722,11
7723,16
7724,43
7725,30
7726,17
7727,40
7728,7
7729,48
7730,2
7731,40
7732,17
7733,11
7734,3
7735,30
7736,12
7737,31
7738,10
7739,38
7740,47
7741,20
7742,46
7743,11
7744,36
7745,42
7746,18
7747,18
7748,47
7749,43
7750,16
7751,13
7752,10
7753,6
7754,24
7755,6
7756,17
7757,38
7758,14
7759,37
7760,5
7761,40
7762,19
7763,6
7764,29
7765,8
7766,7
7767,1
7768,44
7769,40
7770,8
7771,32
7772,47
7773,34
7774,22
7775,49
7776,7
7777,21
7778,24
7779,6
7780,29
7781,13
7782,1
7783,16
7784,1
7785,18
7786,20
7787,41
7788,49
7789,31
7790,38
7791,8
7792,11
7793,6
7794,35
7795,40
7796,7
7797,3
7798,41
7799,4
7800,42
7801,5
7802,48
7803,48
7804,8
7805,32
7806,47
7807,46
7808,16
7809,14
7810,27
7811,4
7812,7
7813,42
7814,49
7815,12
7816,12
7817,6
7818,27
7819,39
7820,46
7821,14
7822,41
7823,38
7824,8
7825,41
7826,34
7827,2
7828,6
7829,34
7830,5
7831,31
7832,23
7833,47
7834,6
7835,21
7836,5
7837,38
7838,13
7839,31
7840,18
7841,10
7842,17
7843,28
7844,22
7845,46
7846,35
7847,29
7848,24
7849,15
7850,24
7851,21
7852,5
7853,2
7854,32
7855,37
7856,35
7857,38
7858,30
7859,7
7860,10
7861,6
7862,12
7863,17
7864,33
7865,6
7866,1
7867,48
7868,16
7869,2
7870,43
7871,32
7872,1
7873,16
7874,30
7875,5
7876,1
7877,27
7878,3
7879,23
7880,13
7881,30
7882,45
7883,40
7884,32
7885,23
7886,40
7887,38
7888,19
7889,33
7890,33
7891,30
7892,15
7893,46
7894,34
7895,8
7896,34
7897,13
7898,4
7899,16
7900,13
7901,1
7902,47
7903,22
7904,44
7905,49
7906,49
7907,39
7908,21
7909,27
7910,6
7911,6
7912,34
7913,30
7914,2
7915,3
7916,42
7917,17
7918,10
7919,14
7920,18
7921,6
7922,35
7923,40
7924,16
7925,3
7926,3
7927,25
7928,25
7929,10
7930,49
7931,26
7932,31
7933,37
7934,46
7935,16
7936,10
7937,26
7938,36
7939,23
7940,19
7941,39
7942,31
7943,6
7944,27
7945,37
7946,21
7947,24
7948,35
7949,28
7950,20
7951,40
7952,39
7953,1
7954,30
7955,13
7956,12
7957,43
7958,8
7959,22
7960,8
7961,37
7962,25
7963,34
7964,7
7965,7
7966,15
7967,16
7968,40
7969,2
7970,40
7971,2
7972,10
7973,20
7974,46
7975,46
7976,46
7977,47
7978,19
7979,11
7980,43
7981,33
7982,24
7983,46
7984,49
7985,7
7986,4
7987,35
7988,7
7989,44
7990,6
7991,36
7992,7
7993,28
7994,17
7995,11
7996,29
7997,5
7998,46
7999,4
8000,40
8001,7
8002,32
8003,17
8004,7
8005,48
8006,7
8007,18
8008,12
8009,48
8010,38
8011,18
8012,38
8013,25
8014,38
8015,15
8016,3
8017,2
8018,31
8019,22
8020,42
8021,4
8022,40
8023,14
8024,19
8025,42
8026,33
8027,47
8028,31
8029,27
8030,31
8031,31
8032,6
8033,24
8034,14
8035,36
8036,24
8037,2
8038,17
8039,34
8040,25
8041,40
8042,23
8043,43
8044,42
8045,34
8046,6
8047,40
8048,37
8049,32
8050,48
8051,8
8052,43
8053,27
8054,45
8055,3
8056,46
8057,7
8058,11
8059,31
8060,28
8061,15
8062,12
8063,26
8064,3
8065,40
8066,30
8067,8
8068,38
8069,33
8070,18
8071,37
8072,40
8073,33
8074,21
8075,37
8076,31
8077,22
8078,35
8079,17
8080,16
8081,49
8082,18
8083,15
8084,3
8085,4
8086,28
8087,1
8088,32
8089,38
8090,43
8091,26
8092,5
8093,42
8094,9
8095,38
8096,2
8097,27
8098,27
8099,34
8100,39
8101,48
8102,40
8103,15
8104,30
8105,5
8106,9
8107,15
8108,18
8109,17
8110,46
8111,8
8112,40
8113,12
8114,5
8115,35
8116,31
8117,2
8118,21
8119,33
8120,15
8121,32
8122,20
8123,41
8124,3
8125,16
8126,46
8127,6
8128,48
8129,35
8130,17
8131,32
8132,24
8133,40
8134,13
8135,44
8136,12
8137,8
8138,30
8139,12
8140,7
8141,7
8142,1
8143,4
8144,5
8145,11
8146,45
8147,7
8148,38
8149,48
8150,43
8151,37
8152,32
8153,17
8154,0
8155,42
8156,9
8157,46
8158,37
8159,34
8160,18
8161,25
8162,17
8163,49
8164,28
8165,21
8166,31
8167,29
8168,40
8169,1
8170,26
8171,16
8172,36
8173,9
8174,38
8175,16
8176,37
8177,47
8178,8
8179,6
8180,45
8181,40
8182,20
8183,35
8184,48
8185,31
8186,33
8187,15
8188,41
8189,7
8190,40
8191,7
8192,46
8193,1
8194,21
8195,44
8196,27
8197,40
8198,45
8199,42
8200,24
8201,26
8202,0
8203,42
8204,15
8205,41
8206,21
8207,15
8208,31
8209,27
8210,17
8211,48
8212,37
8213,21
8214,9
8215,41
8216,20
8217,6
8218,33
8219,35
8220,16
8221,42
8222,16
8223,45
8224,35
8225,46
8226,19
8227,24
8228,20
8229,46
8230,33
8231,45
8232,32
8233,4
8234,31
8235,23
8236,8
8237,16
8238,39
8239,7
8240,31
8241,5
8242,26
8243,32
8244,8
8245,1
8246,7
8247,30
8248,35
8249,40
8250,27
8251,1
8252,2
8253,3
8254,44
8255,13
8256,40
8257,15
8258,32
8259,46
8260,30
8261,28
8262,35
8263,23
8264,20
8265,22
8266,49
8267,25
8268,45
8269,6
8270,12
8271,48
8272,48
8273,17
8274,40
8275,36
8276,38
8277,33
8278,22
8279,9
8280,17
8281,42
8282,6
8283,4
8284,18
8285,2
8286,18
8287,15
8288,26
8289,15
8290,10
8291,6
8292,16
8293,6
8294,22
8295,34
8296,47
8297,16
8298,47
8299,15
8300,21
8301,33
8302,31
8303,15
8304,9
8305,48
8306,29
8307,34
8308,12
8309,40
8310,48
8311,48
8312,3
8313,28
8314,28
8315,4
8316,17
8317,21
8318,34
8319,19
8320,40
8321,17
8322,29
8323,9
8324,2
8325,44
8326,41
8327,21
8328,28
8329,15
8330,32
8331,15
8332,18
8333,20
8334,35
8335,49
8336,3
8337,44
8338,16
8339,17
8340,16
8341,1
8342,12
8343,43
8344,45
8345,13
8346,12
8347,24
8348,30
8349,40
8350,21
8351,44
8352,45
8353,39
8354,4
8355,9
8356,31
8357,19
8358,25
8359,30
8360,38
8361,14
8362,26
8363,15
8364,31
8365,9
8366,18
8367,38
8368,37
8369,31
8370,6
8371,36
8372,8
8373,6
8374,12
8375,36
8376,28
8377,4
8378,2
8379,35
8380,47
8381,19
8382,46
8383,43
8384,43
8385,35
8386,5
8387,45
8388,16
8389,6
8390,8
8391,7
8392,21
8393,2
8394,40
8395,12
8396,34
8397,5
8398,16
8399,31
8400,30
8401,40
8402,30
8403,10
8404,7
8405,21
8406,31
8407,19
8408,41
8409,42
8410,8
8411,42
8412,10
8413,1
8414,38
8415,26
8416,30
8417,23
8418,35
8419,13
8420,29
8421,30
8422,27
8423,35
8424,4
8425,31
8426,32
8427,37
8428,32
8429,38
8430,5
8431,45
8432,5
8433,45
8434,29
8435,20
8436,46
8437,34
8438,31
8439,8
8440,1
8441,16
8442,38
8443,8
8444,1
8445,20
8446,7
8447,48
8448,10
8449,33
8450,28
8451,35
8452,22
8453,40
8454,47
8455,4
8456,14
8457,47
8458,24
8459,8
8460,43
8461,13
8462,44
8463,1
8464,22
8465,31
8466,33
8467,35
8468,5
8469,33
8470,27
8471,3
8472,1
8473,30
8474,7
8475,37
8476,31
8477,5
8478,23
8479,6
8480,19
8481,7
8482,34
8483,28
8484,45
8485,29
8486,29
8487,9
8488,14
8489,34
8490,15
8491,49
8492,6
8493,16
8494,49
8495,49
8496,17
8497,42
8498,22
8499,24
8500,13
8501,34
8502,21
8503,46
8504,12
8505,49
8506,22
8507,21
8508,47
8509,25
8510,9
8511,5
8512,2
8513,17
8514,37
8515,27
8516,30
8517,31
8518,48
8519,16
8520,27
8521,36
8522,26
8523,22
8524,17
8525,45
8526,24
8527,26
8528,33
8529,2
8530,1
8531,8
8532,11
8533,22
8534,23
8535,29
8536,20
8537,19
8538,16
8539,17
8540,10
8541,5
8542,4
8543,13
8544,14
8545,16
8546,48
8547,30
8548,20
8549,41
8550,26
8551,14
8552,16
8553,46
8554,24
8555,24
8556,49
8557,36
8558,5
8559,41
8560,46
8561,35
8562,26
8563,34
8564,49
8565,32
8566,11
8567,27
8568,41
8569,41
8570,15
8571,3
8572,7
8573,28
8574,23
8575,37
8576,48
8577,29
8578,35
8579,45
8580,4
8581,33
8582,26
8583,40
8584,35
8585,6
8586,8
8587,24
8588,10
8589,32
8590,13
8591,32
8592,7
8593,41
8594,22
8595,46
8596,49
8597,40
8598,22
8599,4
8600,46
8601,13
8602,31
8603,43
8604,47
8605,49
8606,31
8607,38
8608,29
8609,6
8610,32
8611,39
8612,31
8613,41
8614,17
8615,16
8616,45
8617,43
8618,15
8619,8
8620,34
8621,49
8622,49
8623,32
8624,31
8625,18
8626,36
8627,37
8628,20
8629,1
8630,7
8631,42
8632,16
8633,23
8634,16
8635,17
8636,28
8637,38
8638,14
8639,20
8640,13
8641,48
8642,1
8643,12
8644,28
8645,24
8646,16
8647,15
8648,31
8649,6
8650,17
8651,41
8652,12
8653,17
8654,15
8655,8
8656,1
8657,12
8658,46
8659,18
8660,17
8661,33
8662,35
8663,31
8664,43
8665,16
8666,30
8667,40
8668,12
8669,26
8670,1
8671,37
8672,8
8673,46
8674,31
8675,31
8676,26
8677,21
8678,25
8679,12
8680,17
8681,4
8682,6
8683,3
8684,28
8685,28
8686,3
8687,10
8688,22
8689,30
8690,32
8691,2
8692,48
8693,35
8694,19
8695,22
8696,26
8697,38
8698,31
8699,43
8700,2
8701,49
8702,25
8703,24
8704,5
8705,4
8706,12
8707,13
8708,14
8709,36
8710,35
8711,14
8712,39
8713,3
8714,25
8715,12
8716,17
8717,15
8718,6
8719,15
8720,18
8721,11
8722,17
8723,46
8724,40
8725,29
8726,36
8727,11
8728,40
8729,39
8730,35
8731,12
8732,17
8733,48
8734,40
8735,5
8736,4
8737,11
8738,4
8739,34
8740,40
8741,16
8742,4
8743,43
8744,26
8745,15
8746,48
8747,20
8748,5
8749,10
8750,40
8751,40
8752,43
8753,14
8754,36
8755,6
8756,29
8757,45
8758,32
8759,47
8760,23
8761,26
8762,43
8763,16
8764,1
8765,6
8766,15
8767,9
8768,16
8769,34
8770,16
8771,1
8772,31
8773,21
8774,49
8775,46
8776,3
8777,26
8778,8
8779,37
8780,33
8781,6
8782,9
8783,31
8784,40
8785,21
8786,15
8787,10
8788,31
8789,7
8790,17
8791,3
8792,31
8793,43
8794,47
8795,37
8796,9
8797,7
8798,46
8799,7
8800,45
8801,27
8802,28
8803,29
8804,23
8805,26
8806,38
8807,10
8808,13
8809,9
8810,43
8811,8
8812,47
8813,33
8814,4
8815,37
8816,37
8817,10
8818,27
8819,7
8820,26
8821,43
8822,8
8823,32
8824,45
8825,48
8826,19
8827,18
8828,33
8829,34
8830,2
8831,42
8832,12
8833,35
8834,5
8835,10
8836,27
8837,3
8838,26
8839,17
8840,4
8841,46
8842,28
8843,40
8844,40
8845,40
8846,16
8847,18
8848,42
8849,27
8850,22
8851,36
8852,29
8853,6
8854,46
8855,17
8856,48
8857,30
8858,49
8859,35
8860,49
8861,28
8862,1
8863,10
8864,6
8865,42
8866,40
8867,31
8868,41
8869,35
8870,4
8871,47
8872,17
8873,1
8874,8
8875,3
8876,34
8877,17
8878,40
8879,16
8880,5
8881,8
8882,28
8883,8
8884,13
8885,32
8886,27
8887,11
8888,21
8889,17
8890,30
8891,20
8892,35
8893,2
8894,17
8895,32
8896,22
8897,31
8898,8
8899,23
8900,17
8901,22
8902,8
8903,32
8904,23
8905,19
8906,42
8907,40
8908,31
8909,47
8910,14
8911,27
8912,42
8913,42
8914,24
8915,7
8916,4
8917,30
8918,27
8919,23
8920,11
8921,38
8922,48
8923,15
8924,30
8925,42
8926,27
8927,24
8928,2
8929,18
8930,8
8931,49
8932,21
8933,17
8934,22
8935,47
8936,22
8937,21
8938,37
8939,11
8940,7
8941,30
8942,44
8943,29
8944,25
8945,24
8946,24
8947,35
8948,16
8949,48
8950,29
8951,2
8952,5
8953,26
8954,1
8955,15
8956,43
8957,1
8958,40
8959,24
8960,7
8961,43
8962,26
8963,32
8964,8
8965,49
8966,31
8967,9
8968,48
8969,44
8970,47
8971,23
8972,35
8973,15
8974,40
8975,13
8976,34
8977,26
8978,38
8979,45
8980,28
8981,31
8982,46
8983,30
8984,8
8985,15
8986,7
8987,29
8988,47
8989,40
8990,18
8991,48
8992,46
8993,27
8994,23
8995,40
8996,45
8997,32
8998,32
8999,35
9000,43
9001,21
9002,7
9003,22
9004,38
9005,13
9006,47
9007,43
9008,46
9009,21
9010,36
9011,40
9012,49
9013,27
9014,19
9015,48
9016,21
9017,2
9018,41
9019,1
9020,13
9021,31
9022,45
9023,5
9024,12
9025,5
9026,15
9027,47
9028,6
9029,29
9030,7
9031,1
9032,10
9033,32
9034,24
9035,32
9036,35
9037,32
9038,30
9039,20
9040,36
9041,46
9042,16
9043,3
9044,13
9045,32
9046,38
9047,1
9048,47
9049,25
9050,18
9051,49
9052,19
9053,5
9054,16
9055,9
9056,13
9057,41
9058,21
9059,26
9060,49
9061,38
9062,46
9063,0
9064,48
9065,16
9066,37
9067,15
9068,47
9069,4
9070,46
9071,32
9072,3
9073,33
9074,35
9075,37
9076,11
9077,30
9078,5
9079,46
9080,32
9081,47
9082,15
9083,38
9084,19
9085,21
9086,26
9087,41
9088,7
9089,16
9090,7
9091,1
9092,32
9093,31
9094,32
9095,31
9096,3
9097,13
9098,43
9099,40
9100,16
9101,17
9102,26
9103,12
9104,28
9105,15
9106,40
9107,6
9108,5
9109,38
9110,47
9111,40
9112,12
9113,34
9114,21
9115,40
9116,21
9117,5
9118,40
9119,16
9120,35
9121,6
9122,12
9123,23
9124,6
9125,22
9126,32
9127,41
9128,26
9129,8
9130,22
9131,1
9132,41
9133,40
9134,14
9135,29
9136,48
9137,16
9138,44
9139,17
9140,35
9141,7
9142,46
9143,45
9144,5
9145,46
9146,49
9147,24
9148,25
9149,35
9150,16
9151,25
9152,47
9153,12
9154,4
9155,42
9156,17
9157,27
9158,31
9159,32
9160,21
9161,19
9162,33
9163,24
9164,3
9165,11
9166,13
9167,22
9168,39
9169,30
9170,16
9171,8
9172,41
9173,21
9174,18
9175,6
9176,40
9177,33
9178,11
9179,13
9180,3
9181,21
9182,44
9183,41
9184,12
9185,1
9186,28
9187,21
9188,4
9189,49
9190,31
9191,41
9192,32
9193,13
9194,1
9195,47
9196,10
9197,6
9198,16
9199,23
9200,30
9201,27
9202,24
9203,18
9204,23
9205,35
9206,30
9207,2
9208,43
9209,47
9210,26
9211,22
9212,33
9213,19
9214,40
9215,29
9216,8
9217,46
9218,40
9219,7
9220,33
9221,7
9222,1
9223,20
9224,14
9225,44
9226,6
9227,35
9228,22
9229,15
9230,25
9231,44
9232,49
9233,32
9234,24
9235,1
9236,32
9237,30
9238,28
9239,27
9240,28
9241,23
9242,18
9243,17
9244,9
9245,39
9246,36
9247,7
9248,9
9249,24
9250,32
9251,15
9252,46
9253,19
9254,38
9255,44
9256,21
9257,10
9258,27
9259,49
9260,43
9261,5
9262,31
9263,35
9264,3
9265,6
9266,1
9267,1
9268,22
9269,2
9270,48
9271,35
9272,40
9273,24
9274,38
9275,5
9276,49
9277,31
9278,47
9279,47
9280,34
9281,31
9282,28
9283,4
9284,27
9285,2
9286,49
9287,35
9288,14
9289,12
9290,24
9291,16
9292,47
9293,39
9294,31
9295,16
9296,30
9297,46
9298,37
9299,5
9300,23
9301,17
9302,7
9303,33
9304,28
9305,34
9306,10
9307,48
9308,22
9309,27
9310,26
9311,7
9312,1
9313,44
9314,4
9315,11
9316,42
9317,9
9318,35
9319,4
9320,5
9321,1
9322,31
9323,14
9324,12
9325,1
9326,8
9327,19
9328,31
9329,6
9330,12
9331,40
9332,49
9333,11
9334,41
9335,44
9336,27
9337,33
9338,32
9339,8
9340,24
9341,23
9342,7
9343,2
9344,37
9345,4
9346,13
9347,49
9348,1
9349,24
9350,36
9351,0
9352,38
9353,35
9354,21
9355,38
9356,40
9357,25
9358,44
9359,8
9360,40
9361,46
9362,41
9363,6
9364,23
9365,14
9366,49
9367,19
9368,1
9369,49
9370,48
9371,18
9372,21
9373,24
9374,1
9375,17
9376,18
9377,21
9378,2
9379,33
9380,38
9381,44
9382,7
9383,30
9384,6
9385,16
9386,7
9387,10
9388,46
9389,46
9390,42
9391,5
9392,2
9393,16
9394,26
9395,28
9396,10
9397,31
9398,47
9399,43
9400,25
9401,40
9402,10
9403,8
9404,24
9405,11
9406,12
9407,1
9408,46
9409,16
9410,27
9411,33
9412,44
9413,31
9414,3
9415,21
9416,36
9417,15
9418,38
9419,46
9420,38
9421,4
9422,48
9423,35
9424,25
9425,49
9426,42
9427,11
9428,13
9429,24
9430,30
9431,7
9432,2
9433,42
9434,48
9435,17
9436,1
9437,43
9438,34
9439,47
9440,43
9441,5
9442,35
9443,35
9444,27
9445,31
9446,46
9447,1
9448,49
9449,7
9450,3
9451,27
9452,9
9453,6
9454,49
9455,48
9456,5
9457,48
9458,8
9459,27
9460,15
9461,1
9462,14
9463,23
9464,27
9465,31
9466,16
9467,2
9468,16
9469,22
9470,13
9471,23
9472,49
9473,13
9474,29
9475,27
9476,16
9477,32
9478,3
9479,34
9480,32
9481,5
9482,28
9483,46
9484,16
9485,35
9486,25
9487,23
9488,44
9489,15
9490,44
9491,37
9492,7
9493,27
9494,1
9495,36
9496,11
9497,1
9498,31
9499,6
9500,5
9501,26
9502,34
9503,29
9504,23
9505,12
9506,21
9507,12
9508,31
9509,23
9510,37
9511,26
9512,35
9513,3
9514,9
9515,38
9516,4
9517,5
9518,34
9519,38
9520,41
9521,40
9522,17
9523,8
9524,10
9525,12
9526,10
9527,43
9528,23
9529,16
9530,35
9531,27
9532,2
9533,41
9534,12
9535,19
9536,30
9537,1
9538,4
9539,15
9540,19
9541,39
9542,48
9543,30
9544,38
9545,23
9546,27
9547,16
9548,46
9549,21
9550,17
9551,47
9552,33
9553,1
9554,14
9555,30
9556,32
9557,32
9558,15
9559,18
9560,16
9561,7
9562,24
9563,23
9564,17
9565,6
9566,35
9567,9
9568,17
9569,21
9570,32
9571,18
9572,5
9573,18
9574,30
9575,22
9576,31
9577,22
9578,14
9579,12
9580,12
9581,17
9582,12
9583,1
9584,35
9585,1
9586,10
9587,47
9588,10
9589,21
9590,14
9591,17
9592,2
9593,21
9594,29
9595,36
9596,8
9597,35
9598,42
9599,8
9600,4
9601,40
9602,12
9603,33
9604,31
9605,34
9606,35
9607,36
9608,3
9609,46
9610,46
9611,4
9612,21
9613,15
9614,47
9615,27
9616,26
9617,23
9618,18
9619,6
9620,5
9621,4
9622,38
9623,2
9624,16
9625,8
9626,16
9627,17
9628,21
9629,30
9630,3
9631,24
9632,33
9633,25
9634,32
9635,38
9636,16
9637,9
9638,42
9639,37
9640,49
9641,1
9642,2
9643,5
9644,21
9645,32
9646,48
9647,15
9648,1
9649,48
9650,29
9651,29
9652,48
9653,6
9654,9
9655,40
9656,35
9657,48
9658,29
9659,45
9660,37
9661,20
9662,46
9663,28
9664,40
9665,6
9666,32
9667,24
9668,29
9669,40
9670,34
9671,21
9672,20
9673,34
9674,38
9675,33
9676,9
9677,39
9678,21
9679,7
9680,21
9681,41
9682,28
9683,49
9684,7
9685,13
9686,15
9687,31
9688,26
9689,7
9690,9
9691,21
9692,13
9693,32
9694,31
9695,29
9696,29
9697,26
9698,1
9699,23
9700,26
9701,29
9702,4
9703,45
9704,12
9705,33
9706,35
9707,1
9708,42
9709,42
9710,34
9711,8
9712,18
9713,45
9714,14
9715,2
9716,9
9717,2
9718,7
9719,21
9720,49
9721,36
9722,34
9723,24
9724,1
9725,23
9726,6
9727,13
9728,3
9729,25
9730,35
9731,44
9732,23
9733,5
9734,18
9735,30
9736,32
9737,3
9738,26
9739,41
9740,40
9741,37
9742,17
9743,32
9744,6
9745,32
9746,6
9747,6
9748,41
9749,24
9750,1
9751,3
9752,21
9753,42
9754,18
9755,21
9756,46
9757,16
9758,29
9759,7
9760,22
9761,4
9762,41
9763,15
9764,11
9765,15
9766,9
9767,7
9768,40
9769,12
9770,38
9771,35
9772,38
9773,35
9774,17
9775,6
9776,17
9777,32
9778,32
9779,32
9780,19
9781,42
9782,33
9783,41
9784,38
9785,32
9786,38
9787,17
9788,10
9789,42
9790,21
9791,30
9792,35
9793,40
9794,6
9795,42
9796,12
9797,26
9798,48
9799,21
9800,2
9801,25
9802,12
9803,5
9804,40
9805,32
9806,21
9807,47
9808,13
9809,46
9810,11
9811,39
9812,5
9813,36
9814,31
9815,17
9816,1
9817,48
9818,34
9819,38
9820,9
9821,47
9822,34
9823,27
9824,2
9825,17
9826,17
9827,30
9828,40
9829,24
9830,25
9831,33
9832,26
9833,8
9834,43
9835,26
9836,26
9837,17
9838,20
9839,22
9840,23
9841,36
9842,39
9843,30
9844,17
9845,10
9846,5
9847,26
9848,49
9849,47
9850,1
9851,1
9852,46
9853,30
9854,40
9855,47
9856,4
9857,33
9858,48
9859,23
9860,42
9861,47
9862,47
9863,17
9864,38
9865,7
9866,8
9867,17
9868,27
9869,33
9870,8
9871,16
9872,49
9873,16
9874,29
9875,36
9876,17
9877,17
9878,1
9879,24
9880,45
9881,3
9882,6
9883,7
9884,47
9885,10
9886,20
9887,2
9888,26
9889,10
9890,29
9891,26
9892,47
9893,40
9894,27
9895,21
9896,31
9897,7
9898,38
9899,44
9900,45
9901,6
9902,42
9903,42
9904,15
9905,42
9906,26
9907,3
9908,3
9909,45
9910,20
9911,16
9912,32
9913,17
9914,3
9915,16
9916,49
9917,21
9918,14
9919,5
9920,29
9921,10
9922,21
9923,2
9924,31
9925,40
9926,21
9927,20
9928,21
9929,35
9930,5
9931,2
9932,46
9933,33
9934,47
9935,7
9936,10
9937,30
9938,23
9939,24
9940,32
9941,47
9942,1
9943,10
9944,7
9945,38
9946,13
9947,24
9948,23
9949,13
9950,21
9951,7
9952,17
9953,33
9954,12
9955,17
9956,1
9957,27
9958,36
9959,41
9960,17
9961,32
9962,48
9963,7
9964,2
9965,36
9966,17
9967,6
9968,34
9969,40
9970,40
9971,30
9972,23
9973,37
9974,46
9975,40
9976,19
9977,14
9978,16
9979,24
9980,36
9981,31
9982,44
9983,44
9984,10
9985,27
9986,10
9987,21
9988,2
9989,29
9990,2
9991,5
9992,49
9993,5
9994,1
9995,47
9996,12
9997,35
9998,40
9999,3
